idea,demand_evidence,pain_intensity,urgency,uae_future_relevance,national_value,import_dependence,technical_moat,technical_learnability,founder_fit,hire_expertise,startup_capital,revenue_per_customer,gross_margin,recurring_revenue,downtime_value,customer_concentration,competition,competitor_sophistication,acquisition_ease,sales_cycle,roi_demonstrability,asset_light,local_manufacturing,ai_value_add,hardware_software,service_revenue,export_later,scalability,defensibility,Market Attractiveness,Technical Opportunity,Founder Entry,UAE Strategic Fit,Overall Test Priority
I1 Critical-wear parts (scan-to-part),5,7,7,9,9,9,6,7,7,7,8,5,7,4,8,8,6,6,5,6,8,6,9,6,5,6,7,7,6,6.4,6.9,6.6,8.6,7.0
I4 Legacy automation continuity,7,8,8,6,7,7,7,5,7,6,7,6,7,4,9,9,5,7,6,8,7,7,4,7,6,9,8,7,6,7.0,6.6,6.6,6.4,6.68
J1 Cold-room reliability bundle,7,7,7,8,6,4,4,8,8,8,8,5,6,9,8,9,6,6,6,6,7,8,3,6,8,9,7,7,5,7.0,5.8,7.4,5.6,6.6
I3 Compressed-air leak-to-savings,6,6,5,7,6,4,4,9,8,8,9,5,7,7,3,9,7,6,6,7,10,9,2,6,6,9,7,6,4,6.1,5.6,8.0,5.2,6.39
I2 Reliability route + sensors,4,6,4,8,7,4,6,5,6,5,7,7,7,9,8,8,4,5,4,4,6,7,3,9,9,9,7,7,6,6.3,6.5,5.4,5.8,5.97
I5 Enclosure climate hardening,5,7,6,8,7,6,7,6,5,6,6,6,6,5,6,4,6,4,3,3,5,5,8,5,7,6,9,7,6,5.6,6.2,4.9,7.6,5.91
J2 Leak pinpoint + shutoff,7,7,8,6,6,3,4,7,8,7,8,3,7,2,4,9,4,6,7,9,7,8,2,4,4,7,5,5,3,5.6,4.2,7.7,4.4,5.71
J5 Hotel FCU EC conversion (sub),5,5,4,7,7,4,5,6,6,6,6,9,6,3,3,6,5,4,4,3,8,6,4,5,5,6,7,6,5,5.1,5.2,5.3,5.8,5.32
J4 Filtration-as-a-service,4,4,3,5,4,3,2,9,7,9,9,3,5,8,5,9,5,5,5,7,5,8,1,4,2,6,5,5,2,5.1,3.1,7.7,3.6,5.18
J3 Pulsed laser cleaning,2,4,3,5,5,3,3,7,7,6,7,5,7,4,4,7,8,8,5,6,4,6,2,2,2,7,4,4,3,5.1,3.2,6.3,3.8,4.82
