name,entity_type,sector,products,wilaya,zone_or_city,machine_capabilities,known_customers,employees,contact_channels,website_social,est_scale,role,evidence_url,evidence_date,accessed_date,confidence,notes
Oxxo (Cevital group),buyer_manufacturer,joinery,"PVC windows/doors and PVC profiles (thermal, acoustic closures)",Bordj Bou Arréridj,Aïn Taghrout,23 KraussMaffei Berstorff twin-screw extruders on 19 profile lines; robotised window assembly,Domestic housing market; export ambition (target 50% of revenue from export by 2025),"~3,000 (per Cevital page snippet)",,https://www.cevital.com/oxxo-2/,large,"target buyer (window hardware, glazing packers, end caps, drainage caps) – but likely captive/foreign-sourced hardware",https://www.cevital.com/oxxo-increased-its-production-capacity-of-profiles-for-the-window-plant/,n/d (Cevital site; Algérie360 article on 2.1M windows capacity),2026-10-04,STRONG SIGNAL,"Capacity 2.1M windows/yr (~400k homes). Acquired by Cevital 2013, on Algerian market since 2014. Also https://www.algerie360.com/oxxo-filliale-du-groupe-cevital-une-capacite-de-production-de-21-millions-de-fenetres/ . Snippet only; page not fetched."
Izdihar PVC,buyer_manufacturer,joinery,PVC doors and windows,Tiaret,Zaaroura industrial zone,Unknown (PVC transformation),National market (claims to serve all 58 wilayas),~87 direct+indirect jobs,,,medium,"target buyer (window accessories, packers, caps, hardware)",https://www.algerie360.com/pvc-lalgerie-mise-sur-2-nouvelles-usines-pour-passer-de-limport-a-lexport/,2025-07 (inaugurated by Industry Minister; Nouvelle Tribune 2025/07),2026-10-04,STRONG SIGNAL,"117,000 units/yr announced; 712 MDA private investment; claimed 85% local integration (claim, unverified). Second plant inaugurated same day in Zaaroura = metallic hardware (quincaillerie métallique) maker, name not in snippet. Also https://lanouvelletribune.info/2025/07/maghreb-un-pays-mise-sur-des-usines-pour-tourner-la-page-des-importations-de-pvc/"
Leader Aluminium,buyer_distributor,joinery,"Distribution of door/window opening systems: aluminium accessories (snippet cites brands 'Dubral', 'Alupha'), PVC profiles, EPDM joints for curtain walls, false-ceiling products",Boumerdès (35),Hammedi,None (distributor),Aluminium/PVC joiners (menuisiers),,Ouedkniss store (payment on delivery),https://www.ouedkniss.com/store/14372/leader-aluminium/accueil?lang=fr,small-medium,channel buyer for private-label joinery accessories,https://www.ouedkniss.com/store/14372/leader-aluminium/accueil?lang=fr,"n/d (live store, seen 2026-10)",2026-10-04,STRONG SIGNAL,"Store listings show prices such as 695 DA and 5,950 DA (items not identifiable from snippet). Page blocked; snippet only. Good first interview target for accessory demand/MOQ pain."
EURL Eurowin,buyer_distributor,joinery,Appears in Ouedkniss results for aluminium joinery accessories; product range not visible,UNKNOWN,,,,,Ouedkniss store,https://www.ouedkniss.com/store/10992/eurl-eurowin/,unknown,possible channel,https://www.ouedkniss.com/store/10992/eurl-eurowin/,n/d,2026-10-04,WEAK SIGNAL,Only the store URL surfaced for 'accessoires aluminium menuiserie' query; activity unconfirmed.
Procamp,buyer_manufacturer,oil_gas,Employer advertising 'menuisier aluminium' jobs under energy/mines category (likely prefabricated camps/modular buildings),UNKNOWN,,In-house aluminium joinery workshop (inferred from job ad),Energy/mining sector (inferred),,emploitic job board,https://emploitic.com/entreprises/procamp/offres-d-emploi/energie-mines-matiere-premiere/menuisier-aluminium-e07dde42915a959315c1c13d,unknown,possible buyer of joinery accessories,https://emploitic.com/entreprises/procamp/offres-d-emploi/energie-mines-matiere-premiere/menuisier-aluminium-e07dde42915a959315c1c13d,n/d,2026-10-04,WEAK SIGNAL,Business of Procamp not confirmed; 'camp' activity is an inference from name and job category.
Master Italy,other,joinery,Accessories and components for aluminium joinery (Italian manufacturer since 1986),n/a (Italy),,,"Distributed in Mediterranean, North Africa, Middle East for 20+ years",,,https://www.masteritaly.com,large,incumbent import competitor in joinery accessories,https://www.masteritaly.com/wp-content/uploads/2019/03/Communiqué-de-presse_FR_Batimatec.pdf,2019 (Batimatec 2019 press release),2026-10-04,VERIFIED,Exhibited at Batimatec 2019 – shows imported Italian accessory systems are established in Algeria; benchmark for quality/price.
CPC (Saudi) / Alumco (UAE) aluminium extrusion JV,other,joinery,"Planned aluminium extrusion plant (100,000 m², 50,000 t/yr initial)",UNKNOWN,,,,,,,large (planned),possible profile supplier anchoring joiners,https://www.tradearabia.com/news/IND_148917.html,2008-09,2026-10-04,UNKNOWN,2008 announcement only; no evidence it was built. Do not treat as active.
OTA – Optimum Télécom Algérie (tender issuer),other,joinery,"Public tender for supply of wood, metal, aluminium joinery materials and glazing",Algiers,,,,,dztenders,https://www.dztenders.com/en/archive/460131/fourniture-de-materiaux-de-menuiserie-bois-metallique-aluminium-et-vitrage,large,end customer of joinery (indirect demand),https://www.dztenders.com/en/archive/460131/fourniture-de-materiaux-de-menuiserie-bois-metallique-aluminium-et-vitrage,2025-06,2026-10-04,WEAK SIGNAL,Illustrates corporate/public tenders for joinery materials; indirect relevance only.
Holcim El-Djazaïr,buyer_manufacturer,construction,Cement; launched ready-mix concrete ('Béton') activity,UNKNOWN (national),,Concrete plants,Construction contractors,,,,large,possible buyer of rebar spacers / formwork consumables via its concrete customers,https://algerie-eco.com/?p=239450,"2026 (approx., algerie-eco post id range 239xxx = ~May 2026)",2026-10-04,WEAK SIGNAL,Headline only: 'Holcim El-Djazaïr lance son activité Béton'. Page blocked. Date inferred from ID sequence near Batimatec 2026 articles (?p=239715) – treat as approximate.
Cosider Canalisations,buyer_manufacturer,construction,Concrete pipes; precast boundary walls; double-T slab moulds (new line),UNKNOWN,,Precast concrete lines,Public works / hydraulics,,,,large,"target buyer of precast spacers, lifting/insert caps, sleeve plugs",https://cpi-worldwide.com/journals/artikel/64708,2019 (capacity expansion per snippet),2026-10-04,STRONG SIGNAL,Public group Cosider subsidiary. Snippet from CPI worldwide; page blocked.
Trans-Canal Algeria,buyer_manufacturer,construction,Concrete pipes (highly automated manufacture),UNKNOWN,,Automated concrete pipe production,Hydraulic works,,,,medium-large,target buyer of reinforcement-cage spacers,https://cpi-worldwide.com/journals/artikel/46313,n/d,2026-10-04,WEAK SIGNAL,Title-level evidence only.
Mabricole (mabricole.com.dz),buyer_distributor,construction,"Online hardware/DIY retailer: fixings, cable ties (OZTURK Turkish 450 DZD/100), concrete spacers",UNKNOWN,,,"Contractors, DIY",,e-shop,https://mabricole.com.dz,small-medium,"channel buyer (spacers, ties, fixings)",https://mabricole.com.dz/fr/fixation/jeu-de-colliers-de-serrage-en-plastique-100-200mm-250pcs-onsite-1845,"2026-10 (prior notes, snippet)",2026-10-04,STRONG SIGNAL,From prior note cost_inputs_market_prices.md. Spacer retail prices 5.6–22.5 DA/pc observed in Algerian e-shops (same note).
Assly (assly.dz),buyer_distributor,construction,"Online hardware: fixings, 'collier atlas d.12' 100 pcs 1,021 DA, spacers",UNKNOWN,,,Contractors,,e-shop,https://www.assly.dz,small-medium,channel buyer,https://www.assly.dz/product-category/fixation-mecanique-boulonerie/les-collier/collier-de-serrage/,"2026-10 (prior notes, snippet)",2026-10-04,STRONG SIGNAL,From prior note cost_inputs_market_prices.md.
Groupe STPM Chiali,buyer_manufacturer,irrigation,PE/PVC/PEHD pipes; exports PE tubes and rebar to Mauritania; Chiali Services = irrigation contractor,Sidi Bel Abbès,"Zone Industrielle, Voie A",Pipe extrusion (large),ONID-type irrigation projects; Mauritania export,,Tel/email in directory snippet (re-check),https://www.stpm-chiali.com,large,target buyer of injection fittings/end caps; also potential competitor in fittings,https://algerie-eco.com/2024/08/22/sidi-bel-abbes-exportation-de-tubes-de-polyethylene-et-de-rond-a-beton-vers-la-mauritanie/,2024-08-22,2026-10-04,VERIFIED,Prior notes + this session. Fitting range unverified.
Anabib Plastiques EURL,buyer_manufacturer,irrigation,Plastic irrigation elements and drip irrigation systems,Sétif,Aïn Arnat,Unknown (likely extrusion),Farmers/installers,,Kompass,,small-medium,"target buyer (drip fittings, start connectors, end plugs)",https://dz.kompass.com/a/systemes-d-irrigation-goutte-a-goutte-pour-l-agriculture/4814010/,n/d (directory),2026-10-04,STRONG SIGNAL,Kompass listing seen in two searches; page blocked.
Tupol,buyer_manufacturer,irrigation,PE tubes and pipes,Sétif,Aïn Arnat,PE extrusion (inferred),,,Kompass,,unknown,possible buyer of fittings/end caps,https://dz.kompass.com/a/systemes-d-irrigation-goutte-a-goutte-pour-l-agriculture/4814010/,n/d,2026-10-04,WEAK SIGNAL,Kompass describes as 'fournisseur' of PE tubes; manufacture not confirmed.
Medi Goutte SARL,buyer_manufacturer,irrigation,'Fabrication de tout type d'irrigation goutte à goutte agricole'; drainage/irrigation works,Algiers,Aïn Benian,Unknown,Farms,,Pagesmaghreb,https://www.pagesmaghreb.com/entreprise/medi-goutte-sarl-353437/alger-4/algerie,small,"target buyer (drippers, connectors)",https://www.pagesmaghreb.com/entreprise/medi-goutte-sarl-353437/alger-4/algerie,n/d,2026-10-04,STRONG SIGNAL,Directory wording claims manufacture.
DripGlobe Systèmes d'Irrigation SARL,buyer_manufacturer,irrigation,Irrigation systems (Kompass also tags cast-iron parts and hydraulic equipment for agri machines – category mismatch),Algiers,Draria,Unknown,,,Kompass,,small,possible buyer of drip fittings,https://dz.kompass.com/a/materiel-d-irrigation-et-d-arrosage/48140/,n/d,2026-10-04,WEAK SIGNAL,Name strongly suggests drip; Kompass product tags inconsistent.
Irrinet SARL,buyer_distributor,irrigation,Distributor of rubber hoses and drip irrigation systems,Blida,Boufarik,None,Mitidja farmers,,Kompass,,small,channel buyer (private-label drip fittings),https://dz.kompass.com/a/materiel-d-irrigation-et-d-arrosage/48140/,n/d,2026-10-04,STRONG SIGNAL,Boufarik = Mitidja horticulture hub.
Irriplast SARL,buyer_distributor,irrigation,Distributor of PE tubes and pipes,Boumerdès,Bordj Menaïel,None,,,Kompass,,small,channel buyer,https://dz.kompass.com/a/materiel-d-irrigation-et-d-arrosage/48140/,n/d,2026-10-04,STRONG SIGNAL,
L'Algérienne des Industries Technologiques (AITECH) EURL,buyer_distributor,irrigation,Rubber hoses and ferrous metal tubes for irrigation,Algiers,Sidi M'Hamed,,,,Kompass,,small,possible channel,https://dz.kompass.com/a/materiel-d-irrigation-et-d-arrosage/48140/,n/d,2026-10-04,WEAK SIGNAL,
SIFAT – Société Industrielle de Fabrication d'Articles Tubulaires,buyer_manufacturer,irrigation,Rubber hoses for irrigation and gardening (producer),Algiers,Dar El Beïda,Hose extrusion,,,Kompass,,small-medium,buyer of hose connectors/couplings,https://dz.kompass.com/a/materiel-d-irrigation-et-d-arrosage/48140/,n/d,2026-10-04,STRONG SIGNAL,Hose makers need injected connectors/nozzles – good fit for 100–120 t press.
SARL Union B et CH Plastique (brand ISS),buyer_manufacturer,irrigation,Micro-irrigation and drip systems with local production,UNKNOWN,,Unknown,,,Website contact page,https://agro-iss.com/contact/,small-medium,target buyer / possible competitor,https://agro-iss.com/contact/,n/d,2026-10-04,STRONG SIGNAL,From prior notes.
Gharsseli Plast,buyer_manufacturer,irrigation,Listed in Kompass drip-irrigation category,UNKNOWN,,,,,Kompass,,unknown,possible buyer,https://dz.kompass.com/a/systemes-d-irrigation-goutte-a-goutte-pour-l-agriculture/4814010/,n/d,2026-10-04,WEAK SIGNAL,Name only (prior notes).
Agro Services,buyer_distributor,irrigation,Listed in Kompass drip-irrigation category,UNKNOWN,,,,,Kompass,,unknown,possible channel,https://dz.kompass.com/a/systemes-d-irrigation-goutte-a-goutte-pour-l-agriculture/4814010/,n/d,2026-10-04,WEAK SIGNAL,Name only (prior notes).
EGTPH,buyer_installer,irrigation,Listed in Kompass drip-irrigation category,UNKNOWN,,,,,Kompass,,unknown,possible installer,https://dz.kompass.com/a/systemes-d-irrigation-goutte-a-goutte-pour-l-agriculture/4814010/,n/d,2026-10-04,WEAK SIGNAL,Name only (prior notes).
AGM (state mechanical group) – irrigation pivots,buyer_manufacturer,irrigation,First Algerian-developed centre-pivot irrigation system (production from May 2024),UNKNOWN,,Metal fabrication,Large cereal farms (South),,,,large,"possible buyer of pivot plastic parts (nozzle bodies, cable clips, caps)",https://news.radioalgerie.dz/fr/node/45427,2024-05,2026-10-04,VERIFIED,From prior notes.
Condor – solar irrigation pivot,buyer_manufacturer,irrigation,Solar-powered irrigation pivot (El Oued pilot),Bordj Bou Arréridj,,In-house injection (Condor group),El Oued farms,,,,large,"possible buyer, but captive molding likely",https://www.teamfrance-export.fr/infos-sectorielles/14979/14979-pivot-solaire-pour-lirrigation-made-in-algeria-by-groupe-condor,n/d,2026-10-04,VERIFIED,From prior notes.
Aster s.r.l.,other,irrigation,"Dripline and drip tape (Italy, Marsala)",n/a (Italy),,,Trades in Algeria,,,https://www.greentech.nl/amsterdam/exhibitors/aster-s-r-l,medium,import competitor,https://www.greentech.nl/amsterdam/exhibitors/aster-s-r-l,n/d,2026-10-04,STRONG SIGNAL,Exhibitor profile states it trades in Algeria.
Caudal,other,irrigation,"Irrigation systems/products (Spain, Puerto Lumbreras)",n/a (Spain),,,Trades in Algeria,,,https://www.greentech.nl/amsterdam/exhibitors/caudal,medium,import competitor,https://www.greentech.nl/amsterdam/exhibitors/caudal,n/d,2026-10-04,STRONG SIGNAL,
Irritec,other,irrigation,Drip irrigation (Italy),n/a,,,Reported operations in Algeria,,,,large,import competitor,https://dspace.univ-ouargla.dz/jspui/bitstream/123456789/30363/1/Th%c3%a9se%20Gheriani%20-%20S_compressed.pdf,n/d,2026-10-04,WEAK SIGNAL,Mentioned in search summary of Algerian academic results; not confirmed.
HydroTech DZ Industrial,buyer_manufacturer,industrial,"Plumbing, gas and heating components produced locally (start-up)",Algiers,Les Eucalyptus,Unknown,,,VC4A profile,https://vc4a.com/ventures/hydrotech-dz-industrial/,small (start-up),possible buyer of molded sub-parts or competitor,https://vc4a.com/ventures/hydrotech-dz-industrial/,n/d,2026-10-04,WEAK SIGNAL,Self-description on VC4A.
Divindus AMM,buyer_manufacturer,furniture,"Industrial furniture and joinery, series production",Algiers,Bab Ezzouar,Series woodworking (unknown detail),"Administrations, local authorities, educational institutions, businesses",,Kompass,,large (public),"target buyer: glides, chair tips, cam covers, edge caps for school/office furniture",https://dz.kompass.com/a/mobilier-de-bureau/15320/,n/d (directory),2026-10-04,STRONG SIGNAL,Public Divindus group; school/admin tenders = volume.
SM Mobilier (Salhi Mohamed Mobilier),buyer_manufacturer,furniture,"Office, kitchen and storage furniture – design, manufacture, sale",Boumerdès,Ouled Moussa,,,,Kompass,,small-medium,target buyer,https://dz.kompass.com/a/mobilier-de-bureau/15320/,n/d,2026-10-04,STRONG SIGNAL,
Dhikra Office Manufacturing EURL,buyer_manufacturer,furniture,High-end office furniture,Boumerdès,Ouled Heddadj,,,,Kompass,,small-medium,target buyer,https://dz.kompass.com/a/mobilier-de-bureau/15320/,n/d,2026-10-04,STRONG SIGNAL,
EACIM Algérie SARL,buyer_manufacturer,furniture,Metal fabrication and office furniture,Algiers,Rouiba,Metal fabrication,,,Kompass,,small-medium,"target buyer: tube end caps, levelling feet",https://dz.kompass.com/a/mobilier-de-bureau/15320/,n/d,2026-10-04,STRONG SIGNAL,Metal furniture = tube plugs/caps demand.
Louai Meuble,buyer_manufacturer,furniture,Full furniture range incl. office ('Bureautique'),UNKNOWN,,,Retail and B2B,,Website,https://www.louaimeuble.com/Bureautique,medium-large (self-described largest),target buyer,https://www.louaimeuble.com/Bureautique,n/d,2026-10-04,STRONG SIGNAL,'Largest furniture maker in Algeria' is a self-claim.
Vecor Design,buyer_manufacturer,furniture,"All furniture types: bathroom, bedroom, living, kitchen, office, baby; founded 2005",Algiers,,,,,Website,https://vecordesign.com/,small-medium,target buyer,https://vecordesign.com/,n/d,2026-10-04,STRONG SIGNAL,
MAM – Manufacture Algérienne du Meuble,buyer_manufacturer,furniture,"Kitchens, dressing, bathrooms, fit-out; Blum representative in Algeria",UNKNOWN,,,,,Website,https://mam-algeria.com/societe/,medium,target buyer AND hardware channel (Blum rep),https://mam-algeria.com/societe/,n/d,2026-10-04,STRONG SIGNAL,As Blum rep it imports premium hinges/runners – a hardware channel; plastic covers/feet could be locally supplied.
Société Algérienne de Fabrication du Mobilier SARL,buyer_manufacturer,furniture,Furniture manufacture,UNKNOWN,Voie 8 Ilot N°230,,,,Kompass,https://us.kompass.com/c/societe-algerienne-de-fabrication-du-mobilier-sarl/dz180027/,unknown,target buyer,https://us.kompass.com/c/societe-algerienne-de-fabrication-du-mobilier-sarl/dz180027/,n/d,2026-10-04,WEAK SIGNAL,
Rhinoceros Meubles,buyer_manufacturer,furniture,Furniture,UNKNOWN,,,,,Website,https://www.rhinocerosdz.com/,unknown,target buyer,https://www.rhinocerosdz.com/,n/d,2026-10-04,WEAK SIGNAL,Manufacture vs retail not confirmed.
DESKTRO,buyer_manufacturer,furniture,Office furniture,UNKNOWN,,,,,Kompass,,unknown,possible buyer,https://dz.kompass.com/x/producer/a/mobilier-de-bureau/15320/,n/d,2026-10-04,WEAK SIGNAL,Listed in search summary of Kompass office-furniture producers.
MEUBLEA,buyer_manufacturer,furniture,Office/residential furniture,UNKNOWN,,,,,Kompass,,unknown,possible buyer,https://dz.kompass.com/x/producer/a/mobilier-de-bureau/15320/,n/d,2026-10-04,WEAK SIGNAL,
IAAMAR Equipement,buyer_distributor,furniture,Office/residential furniture,UNKNOWN,,,,,Kompass,,unknown,possible buyer,https://dz.kompass.com/x/producer/a/mobilier-de-bureau/15320/,n/d,2026-10-04,WEAK SIGNAL,
NEWTECH PRO,buyer_distributor,furniture,Office furniture,UNKNOWN,,,,,Kompass,,unknown,possible buyer,https://dz.kompass.com/x/producer/a/mobilier-de-bureau/15320/,n/d,2026-10-04,WEAK SIGNAL,
ENICAB,buyer_manufacturer,electrical,"LV/MV/HV copper cables, rail, solar, fibre cables (~20,000 t/yr Cu)",Biskra,,Cable extrusion,"Sonelgaz, rail, export (Côte d'Ivoire, Senegal, Mauritania, France planned)",,,,large,"possible buyer: cable-end caps, reel parts, glands",https://www.dzair-tube.dz/en/enicab-boosts-rail-sector-with-2000-tons-of-annual-cable-production-eyes-regional-export-expansion,2025-06-13,2026-10-04,VERIFIED,From prior notes. Note GPI Tissemsilt lists 'cable industry components' in its scope (competitor).
Electro-Industries (ENEL Azazga),buyer_manufacturer,electrical,"Distribution transformers, electric motors",Tizi Ouzou,Azazga,"Metalwork, winding",Sonelgaz (100% owner from Q1 2026),,,,large,"possible buyer: terminal boxes, fan covers, insulators",https://algerie-eco.com/?p=231616,2026,2026-10-04,VERIFIED,From prior notes.
Sitel,buyer_manufacturer,electrical,Electrical cables (supplier to Fiat Oran),UNKNOWN,,,Stellantis Fiat El Djazair,,,,medium,possible buyer,https://algerie-eco.com/2023/10/20/usine-fiat-doran-11-equipementiers-deja-selectionnes/,2023-10-20,2026-10-04,VERIFIED,From prior notes.
Energical,buyer_distributor,electrical,"Switches and sockets (DIAA range), e-commerce",Ghardaïa,,Unknown (manufacture unconfirmed),,,Website,https://energical.com/en/product-category/interrupteurs-et-prises/,small-medium,target buyer (switch/socket plastic parts) or channel,https://energical.com/en/product-category/interrupteurs-et-prises/,n/d,2026-10-04,STRONG SIGNAL,From prior notes. Created 2006.
Mono Electric,buyer_manufacturer,electrical,Switch and socket ranges ('Evolution'),UNKNOWN,,,,,made-in-algeria showcase,http://www.made-in-algeria.com/vitrine/3_catalogue.php?tc1=lKyRmaWU,unknown,target buyer,http://www.made-in-algeria.com/vitrine/3_catalogue.php?tc1=lKyRmaWU,n/d,2026-10-04,WEAK SIGNAL,Current activity unverified.
Legrand Algérie,buyer_distributor,electrical,"Electrical accessories (subsidiary, local catalogue)",Algiers,,,"Installers, wholesalers",,Website,https://www.legrand.dz/fr,large,group procurement – unlikely near-term buyer,https://www.legrand.dz/fr,n/d,2026-10-04,VERIFIED,
SOGEDIM,buyer_wholesaler,electrical,"Electrical & lighting, switches, sockets (online distributor)",UNKNOWN,,,Installers,,e-shop,https://sogedim.net,medium,"channel buyer (private label boxes, clips)",https://sogedim.net/categorie-produit/electricite-et-eclairage/installations/interrupteurs-et-prises/,n/d,2026-10-04,STRONG SIGNAL,From prior notes.
Elecmarket-dz,buyer_wholesaler,electrical,"Online electrical distributor (switches, sockets)",UNKNOWN,,,Installers,,e-shop,https://elecmarket-dz.com,small-medium,channel buyer,https://elecmarket-dz.com/categories/interrupteurs-et-prises,n/d,2026-10-04,STRONG SIGNAL,From prior notes.
HAOUAS (brand),other,electrical,Locally branded electrical boxes sold alongside Spanish FAMATEL,UNKNOWN,,Injection (inferred),Hardware/electrical retailers,,,,unknown,local competitor in electrical boxes,https://mabricole.com.dz,2026-10 (prior notes),2026-10-04,WEAK SIGNAL,From prior note cost_inputs_market_prices.md (origin signals). Shows boxes are already molded locally.
Sonelgaz group,other,electrical,Utility; owner of ENEL; runs 3 GW solar programme,Algiers (HQ),,,,,,,very large,end customer driving cable/transformer/solar demand,https://algerie-eco.com/?p=223886,2024–2026,2026-10-04,VERIFIED,"Indirect demand driver, not a direct component buyer."
Condor Electronics,buyer_manufacturer,appliances_hvac,"Appliances, TVs, ACs, phones, solar; 24 brands",Bordj Bou Arréridj,,Captive injection + polystyrene units,"Domestic; exports to 18 markets incl. Egypt (110,000 appliances; 60,000+ TVs)",,,,very large,overflow/secondary supplier target; partly competitor (captive),https://algerie-eco.com/2026/07/14/condor-present-sur-18-marches-et-realise-50-des-exportations-algeriennes-en-electromenager/,2026-07-14,2026-10-04,VERIFIED,Integration 45–100% by line; fridge '100% algérien'. Hisense AC JV (below).
Condor–Hisense AC complex,buyer_manufacturer,appliances_hvac,"Hisense air conditioners, 2M units/yr (80% export)",Bordj Bou Arréridj,,Unknown,Export markets,,,,very large,"potential buyer of AC plastic sub-parts (condensate parts, louvres, clips) if not captive",https://algerie-eco.com/?p=211059,2025 (announced; operation expected early 2026),2026-10-04,STRONG SIGNAL,USD 200M; ~USD 300M/yr export target. Operational status in 2026 not confirmed.
Brandt Algérie (Cevital),buyer_manufacturer,appliances_hvac,"Refrigerators, washing machines, etc.",Sétif,,Makes most of own metal & plastic parts and PCBs,"Domestic, export",,,,very large,mostly captive; niche small parts only,https://www.algerie-eco.com/2023/12/24/les-fabricants-delectromenagers-creent-une-veritable-base-industrielle-avec-des-matieres-premieres-locales/,2023-12-24,2026-10-04,VERIFIED,"Integration 70% fridges, 80% washers. TSA headline: Cevital to produce Haier appliances in Algeria (title only)."
"Samha Home Appliance (Samsung licensee, Cevital-linked per snippet)",buyer_manufacturer,appliances_hvac,"Samsung TVs, ACs, washers, fridges",Sétif,Guedjel,Unknown,Domestic,"~4,000",,,very large,potential buyer: AC integration target only 30–40% = imported parts,https://www.algerie360.com/lusine-de-samha-a-setif-produira-bientot-des-smart-tv-et-3d/,n/d,2026-10-04,STRONG SIGNAL,"110 ha site, 5M units/yr capacity (snippet). Search summary describes Samha as part of the Cevital group (not independently verified). Echorouk headline reports a fire at the Samsung Sétif plant (date unknown)."
Sinova (Samsung CKD/SKD partner),buyer_manufacturer,appliances_hvac,CKD/SKD assembly incl. new AC unit (2024),Sétif,,Assembly,Samsung Electronics Algeria,,,,large,potential buyer of AC plastic parts,https://news.radioalgerie.dz/fr/node/37607,2023-2024,2026-10-04,STRONG SIGNAL,Radio Algérie: new Samsung AC production unit in Sétif in 2024 with Sinova.
Iris (SATEREX),buyer_manufacturer,appliances_hvac,"Appliances, electronics, phones; Iris Tyres (2M tyres/yr)",Sétif,,Unknown,"Domestic; Tunisia, Libya, Morocco, Europe; Fiat (tyres)",,,,very large,target buyer; attends automotive subcontracting meetings,https://algerie-eco.com/2018/03/10/le-complexe-industriel-de-pneumatique-du-groupe-iris-bientot-operationnel/,2018 / 2023,2026-10-04,VERIFIED,
ENIEM,buyer_manufacturer,appliances_hvac,"Fridges, cookers; heaters (Turkish partner, >60% integration target June 2025); ACs (Chinese partner, CKD 30,000 units)",Tizi Ouzou,Oued Aïssi (industrial zone),Historically integrated (state),Domestic,"~1,700 (2021 stoppage figure)",,,large (distressed),high-pain buyer: chronic input stockouts; integration target 80% (2025),https://www.algerie-eco.com/2024/11/21/leniem-a-signe-des-accords-avec-deux-entreprises-chinoise-et-turque/,2024-11-21,2026-10-04,VERIFIED,"Production fully stopped in 2023, wages unpaid Oct 2023–Jan 2024, debt ~5 bn DA; minister pledged revival Oct 2025 (dzair-tube). Payment risk HIGH. Oued Aïssi location from general knowledge (ASSUMPTION)."
Géant Electronics,buyer_manufacturer,appliances_hvac,"263 items incl. fridges, cookers, ACs; 2 new units (AC, fridges) beside 6 existing",Bordj Bou Arréridj,,Unknown,"Domestic; Mauritania, Tunisia; Senegal planned","Claims 7,000 new jobs (snippet)",,,very large,target buyer (fridge integration 70%),https://www.dzair-tube.dz/en/geant-electronics-expands-production-with-two-new-units-for-air-conditioners-and-refrigerators-in-january,2023-2024 (units planned Jan 2024),2026-10-04,STRONG SIGNAL,"Snippet dates ambiguous (page header 2026, content Jan 2024)."
Raylan Algérie,buyer_distributor,appliances_hvac,"Appliances; import-export of Hitachi, Electrolux",Annaba,,,,100+,,https://village.ai/company/raylan,medium,low priority – import-led,https://www.arounddeal.com/c/raylan-algrie/v2hrycjcxa,n/d,2026-10-04,WEAK SIGNAL,Founded 2004 (aggregator data).
Stream System,buyer_manufacturer,appliances_hvac,Appliances/ACs (named in brief),Sétif (per brief),,,,,,,unknown,to verify,,,2026-10-04,UNKNOWN,No source retrieved this session (search returned nothing).
Cevital – electric motors JV with Brazilian group,buyer_manufacturer,electrical,Electric motors (planned),UNKNOWN,,,Appliance makers (inferred),,,,large,"possible buyer of motor plastic parts (fan covers, terminal boxes)",https://www.tsa-algerie.com/cevital-sassocie-avec-un-groupe-bresilien-pour-produire-des-moteurs-electriques-en-algerie/,n/d,2026-10-04,WEAK SIGNAL,Headline only; partner not named in snippet.
Stellantis Fiat El Djazair,buyer_manufacturer,automotive,Fiat vehicle assembly (CKD with weld/paint shops),Oran,Tafraoui,Assembly,Domestic,,,,very large,Tier-1 OEM; not near-term,https://www.media.stellantis.com/me-fr/corporate/press/un-an-apres-son-lancement-l-usine-fiat-de-tafraoui-poursuit-son-developpement,2024-2025,2026-10-04,VERIFIED,30% integration by 2026 target; volume figures conflict (prior notes).
General Plastic Injection (GPI) – Holding ACS,other,automotive,"Automotive plastic parts and accessories; scope also lists appliances, cable industry, fridges, ACs, medical, packaging, household, cosmetics, eyewear, drone parts, road signs",Tissemsilt,Khemisti – Sidi Mansour zone,Plastic injection (press tonnage not in snippets),"Car assemblers (~200,000 vehicles/yr)",300 direct + 500 indirect jobs,,,large (state),COMPETITOR + policy anchor: auto plastic part imports banned from 1 Jan 2027 where GPI can make them,https://observalgerie.com/2026/09/25/economie/lalgerie-annonce-la-fin-de-limportation-des-pieces-plastiques-pour-voitures/,2026-09-24 (inaugurated); project launched 2026-04-29,2026-10-04,VERIFIED,"251,000 parts/yr; 40% integration phase 1, 70% later. Also https://www.horizons.dz/2026/04/sifi-ghrieb-a-tissemsilt-la-relance-de-lindustrie-automobile-saccelere/ and algerie-eco ?p=328026."
SAREL Industries,buyer_manufacturer,automotive,Plastic cabin components (ex-Renault supplier; Stellantis partner since Dec 2024),Algiers,,Injection,Stellantis Fiat El Djazair,,,,medium-large,Tier-2 entry point (or competitor),https://algerie-eco.com/?p=78229,2024-12,2026-10-04,VERIFIED,From prior notes.
Sigit (Italy) + Siplast (ENPC) groupement,buyer_manufacturer,automotive,Automotive plastic parts,Sétif,,Injection,Stellantis El Djazair,,,,large,Tier-2 entry point / competitor,https://www.teamfrance-export.fr/infos-sectorielles/39583/39583-partenariat-sigit-enpc-creation-dun-groupement-industriel-a-setif,n/d,2026-10-04,VERIFIED,Team France Export headline: 'Partenariat Sigit-ENPC: création d'un groupement industriel à Sétif'.
IDE-NET,buyer_manufacturer,automotive,Wiring harnesses,UNKNOWN,,,Stellantis,,,,medium,"Tier-2 target (harness clips, grommets)",https://motorsactu.com/stellantis-renforce-sa-presence-en-algerie-un-cinquieme-sous-traitant-local-pour-lusine-fiat-de-tafraoui/,2024,2026-10-04,VERIFIED,From prior notes.
Formfleks Algeria,buyer_manufacturer,automotive,Acoustic insulation,UNKNOWN,,,Stellantis,,,,medium,Tier-2 target (clips),https://algerie-eco.com/2023/10/20/usine-fiat-doran-11-equipementiers-deja-selectionnes/,2023-10-20,2026-10-04,VERIFIED,From prior notes.
Ghazal,buyer_manufacturer,automotive,LPG kits,UNKNOWN,,,Stellantis,,,,medium,Tier-2 target (LPG kit plastic housings),https://algerie-eco.com/?p=209155,2024-2025,2026-10-04,VERIFIED,From prior notes.
Megnouche Alarm,buyer_manufacturer,automotive,Vehicle alarms,UNKNOWN,,,Stellantis,,,,small-medium,Tier-2 target (housings),https://algerie-eco.com/?p=209155,2024-2025,2026-10-04,VERIFIED,From prior notes.
Oulad Kouider Industrie,buyer_manufacturer,automotive,Radiators,UNKNOWN,,,Stellantis,,,,medium,Tier-2 target (radiator tanks are usually PA-GF – larger press),https://algerie-eco.com/2023/10/20/usine-fiat-doran-11-equipementiers-deja-selectionnes/,2023-10-20,2026-10-04,VERIFIED,From prior notes.
Zergoun Green Energy,buyer_manufacturer,solar,PV modules (180 MW/yr initial; 400 MWc on two lines),Ouargla,,Module lines,"Sonelgaz programme, private",,,,large,"possible buyer: junction-box parts, corner protectors, cable clips",https://www.tsa-algerie.com/lancement-en-juillet-dune-usine-de-production-de-panneaux-solaires-de-180-mw-a-ouargla/,n/d,2026-10-04,VERIFIED,From prior notes.
Aurès Solaire,buyer_manufacturer,solar,PV modules (30 MW Franco-Algerian),Batna,Aïn Yagout industrial zone,Module line,,,,,small-medium,possible buyer,https://algerie-eco.com/tag/photovoltaique/,n/d,2026-10-04,STRONG SIGNAL,From prior notes.
Astroenergy (Chint),other,solar,PV modules (~1 GW supply to Algeria),n/a (China),,,Sonelgaz programme,,,,very large,import competitor,https://algerie-eco.com/2024/09/04/projets-de-centrales-solaires-astroenergy-va-fournir-lequivalent-de-1-gw-de-modules-photovoltaiques-a-lalgerie/,2024-09-04,2026-10-04,VERIFIED,850 MW Chinese panels imported H1 2025.
Tosyali Algérie,buyer_manufacturer,oil_gas,"Steel (rebar, flat); selected Fiat supplier; spiral-welded pipe activity = background knowledge only",Oran,Bethioua (ASSUMPTION),Steel mill,Stellantis; construction,,,,very large,possible buyer of pipe end caps/thread protectors (to verify),https://algerie-eco.com/2023/10/20/usine-fiat-doran-11-equipementiers-deja-selectionnes/,2023-10-20,2026-10-04,ASSUMPTION,Existence VERIFIED (Fiat supplier list); pipe/OCTG relevance is an ASSUMPTION – no source retrieved.
Alfapipe,buyer_manufacturer,oil_gas,Welded steel line pipe (background knowledge),Ghardaïa / Annaba (ASSUMPTION),,Pipe mill,Sonatrach (assumed),,,,large,possible buyer of pipe end protectors,,,2026-10-04,ASSUMPTION,No source retrieved this session; search for 'Alfapipe protecteur filetage' returned only patents. Verify before outreach.
Sonatrach (and drilling subsidiaries),other,oil_gas,Oil & gas; end user of OCTG and line pipe,Algiers (HQ),Hassi Messaoud ops,,,,,,very large,end user specifying API thread protectors,,,2026-10-04,ASSUMPTION,No retrieved evidence on its thread-protector sourcing; API-spec protectors are usually supplied with imported pipe.
Cevital Agro-industrie,buyer_manufacturer,food,"Sugar, oils, beverages, bottling (Astron bottling plant reference)",Béjaïa,,Bottling lines,Domestic,,,https://www.cevital.com,very large,possible buyer of conveyor/spare plastic parts (unverified),https://astron.biz/en/international/projects-worldwide/cevital-bottling-plant-algeria,n/d,2026-10-04,ASSUMPTION,Buyer status for industrial plastic spares not evidenced.
SGT (preforms & caps),other,food,"PET preforms (4 bn/yr), PE caps; Rouiba and Sétif plants",Algiers / Sétif,Rouiba; Sétif,High-cavitation injection,Ifri and beverage makers,,,,large,incumbent – closures are not a target,https://www.algerie360.com/specialisee-dans-la-fabrication-de-preformes-et-de-bouchons-en-polyethylenelentreprise-francaise-sgt-ouvre-une-deuxieme-usine-en-algerie/,n/d,2026-10-04,VERIFIED,From prior notes.
Condor–Maincor industrial pipes JV,buyer_manufacturer,construction,Industrial/building pipes (German partner Maincor),Bordj Bou Arréridj,,Pipe extrusion,,,,,large,possible buyer of fittings/clips (or captive),https://www.tsa-algerie.com/condor-sallie-avec-lallemand-maincor-pour-fabriquer-des-tuyaux-industriels-en-algerie/,n/d,2026-10-04,STRONG SIGNAL,From prior notes.
