date_of_evidence,signal_type,product_or_topic,summary,source_type,source_url,language,confidence,implication
2026-09-24,Regulatory signal,Automotive plastic parts (GPI scope),"PM Sifi Ghrieb set 31 Dec 2026 as end of imports of auto plastic parts GPI Tissemsilt can make; OEMs must source locally from early 2027; cahier des charges pending; no part list or JORA text","official","https://fr.allafrica.com/stories/202609240635.html",fr,STRONG SIGNAL,"OEMs forced to localise plastics; small <=120 t parts may be outside GPI reach (niche or subcontract) but GPI is a state-backed competitor"
2026-09-24,Competitor signal,GPI General Plastic Injection (ACS holding),"State plant in Khemisti/Tissemsilt on ex-PAC assets; ~200k vehicles/yr capacity; integration 40% to 70%; PM asked molds be on site before end-2026","press","https://www.tsa-algerie.com/automobile-lalgerie-nimportera-plus-de-pieces-plastiques-des-2027/",fr,STRONG SIGNAL,"Avoid head-on competition on large auto parts; probe GPI for subcontracting of small parts and mold services"
2026-05-01,Competitor signal,GPI project launch,"PM launched GPI project ~1 May 2026 with production scheduled Sep 2026; reported 251,000 parts/yr (figure looks garbled)","press","https://www.dzair-tube.dz/en/algeria-launches-general-plastic-injection-unit-in-tissemsilt-to-deepen-auto-integration-drive/",en,WEAK SIGNAL,"Capacity figure unreliable; do not use to size residual market"
2026-02-12,Demand signal,Automotive subcontracting (Stellantis Fiat Oran),"Stellantis signed five contracts with Algerian subcontractors at Mechanica Oran (10-12 Feb 2026); targets 30% integration in 2026, 40% after 5 years","press","https://www.tsa-algerie.com/automobile-stellantis-etoffe-son-reseau-avec-cinq-sous-traitants-algeriens/",fr,STRONG SIGNAL,"OEM purchasing actively seeking local plastic suppliers; IATF/PPAP readiness needed"
2024-07-22,Regulatory signal,Used production equipment import,"DE 24-241 (JORA 50) allows clearance of used production lines/equipment only if <=5 years old (agri <=7); wilaya industry certificate; in service within 6 months; repeals DE 20-312/21-200; no later amendment found","official","https://douane.gov.dz/IMG/pdf/decret_executif_no_24-241_du_22_07_2024_fr-2.pdf",fr,VERIFIED,"Cheap old European presses not importable; plan on new Chinese servo press"
2021-05-11,Regulatory signal,Renovated equipment (superseded regime),"DE 21-200 removed agri-food/pharma age caps and set residual-life rule (10-12 y), general cap 10 y; this is the 'age caps removed' decree, repealed by DE 24-241 in 2024","official","https://algerie-eco.com/2021/06/05/importation-de-chaines-et-equipements-de-production-renoves-de-nouvelles-conditions-de-dedouanement-fixees/",fr,VERIFIED,"Earlier note claiming age caps removed is outdated; do not rely on it"
2026-10-04,Price signal,Molds HS 8480.71 duty,"ConformePro tariff shows DD 5%, VAT 19%, TCS 3%, PRCT 2% on injection/compression molds for plastics","directory","https://conformepro.dz/resources/tarif-douanier/sous-position/84.80.710000/قوالب-للمطاط-أو-المواد-البلاستيكية-للقولبة-بالحقن-أو-بالضغط",ar,STRONG SIGNAL,"Low duty on imported molds; VAT franchise via AAPI is the bigger saving"
2026-10-03,Price signal,Resin PP copolymer HS 3902.30,"DD 5%, VAT 19%, TCS 3%, PRCT 2%; rates for 3901.20 and 3902.10 not seen (likely same band)","directory","https://conformepro.dz/ar/resources/tarif-douanier/sous-position/39.02.309000/copolymères-de-propylene-sous-autres-formes",ar,STRONG SIGNAL,"Input tariff low vs 30% on finished articles: positive effective protection"
2026-10-03,Regulatory signal,Finished plastic articles 3923/3926 DAPS,"DD 30% plus DAPS 60% shown on 3923.10 and 3926.40.90; DAPS on 3917/3924/3925/3926.90 not confirmed","directory","https://conformepro.dz/ar/resources/tarif-douanier/sous-position/39.23.100000/boites-caisses-casiers-et-articles-similaires",ar,STRONG SIGNAL,"Strong price umbrella on DAPS lines; check each target HS line (machine/vehicle parts in ch. 84/85/87 less protected)"
2019-01-26,Regulatory signal,DAPS legal base,"DE 18-230 (25 Sep 2018) and MinCommerce arrete of 26 Jan 2019 list 1,095 lines at 30-200% DAPS; list revised since","official","https://www.freshplaza.fr/article/9068500/algerie-1095-produits-sont-soumis-au-daps/",fr,VERIFIED,"Current DAPS list must be obtained line by line"
2026-05-14,Regulatory signal,Bank of Algeria Note 01/DGC/2026,"All goods imports domiciled before shipment; 120% provision at least 30 days before shipment; transport docs dated before domiciliation refused barring authorised exceptions","official","https://www.bank-of-algeria.dz/stoodroa/2026/05/note-01-DGC-2026.pdf",fr,VERIFIED,"Ties up 120% of each press/mold PO for 30+ days and adds over a month of lead time; advance-deposit handling unknown"
2026-05-20,Pain signal,Importers vs domiciliation note,"Operators criticise prior-domiciliation note; press says BoA 'tightens the vice methodically'; no relaxation found to Oct 2026","press","https://maghrebemergent.news/fr/domiciliation-bancaire-prealable-la-note-de-la-banque-dalgerie-qui-ne-fait-pas-lunanimite/",fr,STRONG SIGNAL,"Import of finished parts is slower and costlier for buyers: sell local lead time and no-provision supply"
2026-05-19,Regulatory signal,BoA Instruction 05-2026 resale importers,"Outstanding unsettled imports for resale as-is capped at 100% of the operator's equity across all banks","official","https://algerie-eco.com/2026/05/19/importations-pour-la-revente-en-letat-la-banque-dalgerie-fixe-de-nouvelles-exigences-en-matiere-de-surface-financiere-des-operateurs/",fr,STRONG SIGNAL,"Squeezes traders of imported finished parts; supports local substitution demand"
2026-07-28,Regulatory signal,Export domiciliation 48h,"BoA requires banks to domiciliate exports within 48h of a complete file","official","https://algerie-eco.com/2026/07/28/exportations-la-banque-dalgerie-fixe-un-delai-de-48-heures-aux-banques-pour-la-domiciliation-bancaire/",fr,STRONG SIGNAL,"Export side is being eased; relevant only if exporting later"
2025-12-16,Regulatory signal,PPI import programme 2026,"PPI renewed for 2026 on new Ministry of Foreign Trade platform for activity codes 01 and 07; extended to ANADE micro-enterprises; H1 deadline 26 Feb 2026 (extended)","press","https://www.tsa-algerie.com/importations-lalgerie-reconduit-le-ppi-pour-2026-avec-une-nouveaute/",fr,STRONG SIGNAL,"New molder must file a PPI before importing press/molds/resin; semester timing risk"
2026-05-13,Regulatory signal,PPI H2 2026 deadline and legal basis,"Blog guides say H2 2026 window closed 31 Jul 2026, PPI based on 'DE 25-170', 45 days to domicile after visa; not confirmed by official/press source","press","https://www.mumnet.fr/2026/05/13/ppi-algerie-2026-importations-vehicules-micro-entreprises/",fr,WEAK SIGNAL,"Verify calendar and legal basis with the Ministry of Foreign Trade before first order; 2027 calendar unknown"
2022-09-08,Regulatory signal,AAPI negative list DE 22-300,"~160 activities excluded incl. 'conditionnement et emballage'; non-eligible goods incl. recoverable packaging, road transport, office/IT; plastics transformation not named in excerpts","official","https://news.radioalgerie.dz/fr/node/14893",fr,VERIFIED,"Register under technical-parts code (e.g. 111305), not packaging, to keep VAT franchise/duty exemption on press and molds"
2020-11-22,Regulatory signal,Sous-traitance DD+VAT exemption,"Interministerial arrete: 5-year exemption of customs duty and VAT on components and raw materials for approved subcontractors of mechanical/electronic/electrical industries; file to Ministry of Industry","official","https://algerie-eco.com/2020/11/22/industrie-les-conditions-dexemption-de-taxes-sur-les-composants-de-sous-traitance-fixees/",fr,STRONG SIGNAL,"If still open in 2026 could make resin duty- and VAT-free for contracted OEM work; verify status"
2026-09-30,Regulatory signal,PLF 2027,"Government examined avant-projet LF 2027 on 30 Sep 2026; only general axes public (productive investment, purchasing power, logistics costs); no plastics/customs articles published","press","https://lematindalgerie.com/le-gouvernement-examine-lavant-projet-de-loi-de-finances-2027/",fr,STRONG SIGNAL,"Watch tariff annex at APN stage (Oct-Nov 2026) for ch. 39 / DAPS / resin changes"
2023,Regulatory signal,Public procurement preference Law 23-12,"25% preference margin for Algerian-origin products and resident-owned Algerian firms with CCI origin certificate; implementing regulation reportedly pending","press","https://cms.law/fr/fra/publication/flash-info-algerie-marches-publics-precisions-sur-l-application-de-la-marge-de-preference-nationale",fr,STRONG SIGNAL,"Indirect demand lever via customers bidding public tenders (utilities, meters, electrical)"
2025-12,Regulatory signal,LF 2026 customs measures,"LF 2026 (JO 2025 n.88) customs changes were sector-specific (solar water heaters 30 to 15%, PV inputs 5%, electrolysers exempt, food); nothing on plastics","press","https://www.oceanic-dz.com/actualites/loi-de-finances-pour-2026-les-dispositions-a-la-charge-de-ladministration-des-douanes_145.html",fr,STRONG SIGNAL,"No change to plastics tariff structure in 2026"
