date_of_evidence,signal_type,product_or_topic,summary,source_type,source_url,language,confidence,implication
2025-01-25,demand,cosmetics import substitution,Cosmetics/perfume/body-care import bill fell to USD 58M in 2024 from >USD 500M previously; local industry covers ~70% of cosmetic needs.,press (Algérie Eco / APS relay),https://algerie-eco.com/2025/01/25/produits-cosmetiques-et-parfums-la-facture-dimportation-reduite-de-442-millions-de-dollars-en-2024/,fr,VERIFIED,Finished-goods imports replaced by local filling => step-change in local demand for bottles and closures since 2023-24; closures not covered by the finished-goods ban remain importable inputs.
2026-01-21,regulatory,cosmetics import policy,Minister Rezig at Cosmetica North Africa: Algeria has reached self-sufficiency in cosmetics; imports of some cosmetic/hygiene products stopped; remaining challenge = local raw materials.,"press (Algérie Eco, TSA, Algérie360)",https://algerie-eco.com/2026/01/23/rezig-lalgerie-a-atteint-lautosuffisance-en-matiere-de-produits-cosmetiques/,fr,VERIFIED,"Policy now targets upstream inputs (raw materials, packaging) = tailwind for a local closure maker; check whether closure imports face licensing/'rationalisation'."
2026-01-21,regulatory,cosmetics packaging inputs,Same event: minister urged producers to work with local steelmakers on laminates/steel sheet for packaging (aerosol/metal) - packaging localisation is on the official agenda.,press (search snippet),https://algerie-eco.com/?p=234603,fr,STRONG SIGNAL,Packaging localisation is politically supported; plastic closures are an easier win than metal - possible ANDI/incentive narrative.
2025 (approx),regulatory,import rationalisation,Algeria has not fully banned cosmetics imports but 'rationalises' them to favour local production; decision divides consumers.,press (Maghreb Emergent),https://maghrebemergent.news/fr/265102-2/,fr,STRONG SIGNAL,Import friction on finished goods; need to confirm treatment of packaging components (HS 3923.50) under import programmes.
2026-01,demand,cosmetics industry size,Cosmetica North Africa 2026: 330+ exhibitors incl. 125 international; ~250 Algerian companies participated; packaging an exhibited category.,press + trade-fair listing,https://www.jetro.go.jp/en/database/j-messe/tradefair/detail/156111,fr/en,VERIFIED,"Hundreds of local cosmetics firms, many small = fragmented demand with many references and low per-SKU volumes (MOQ-sensitive segment)."
2025-12,demand,shampoo localisation (Henkel Gliss),Henkel Algérie now produces 4 Schwarzkopf Gliss shampoo/care references 100% in Algeria; shown at FPA 18-27 Dec 2025.,"press (Algérie360, Algérie Eco)",https://www.algerie360.com/schwarzkopf-gliss-desormais-made-in-algerie-henkel-franchit-un-cap-industriel-majeur/,fr,VERIFIED,New local demand for premium shampoo bottles/flip-tops; multinationals usually impose global closure specs - local supplier must meet them or be locked out.
2025 (approx),technology,detergent plant automation,"Henkel invested EUR 120M to make Réghaïa liquid-detergent plant 98% automated; +40% output, -30% losses.",press (Algérie360),https://www.algerie360.com/120-m-deuros-investis-henkel-algerie-fait-entrer-son-usine-de-reghaia-dans-lere-de-lindustrie-5-0/,fr,VERIFIED,"High-speed lines need dimensionally consistent closures (capping torque, cap feeding) - quality bar higher than for small fillers."
c. 2018 (date not captured),demand,Unilever Oran plant,"Unilever Algérie's second cosmetics/detergent plant in Oran: 26,000 m2, DZD 1.35 bn, shampoo/toothpaste/soap, target 80% local production of formerly imported range.","press (Algérie Eco, TSA)",https://algerie-eco.com/?p=41135,fr,VERIFIED,Large-volume shampoo filling in the West; closure sourcing (local vs global) unknown.
2026-02-19,demand,Hayat DHC,"Hayat DHC Algérie (Bouinane, Blida; 900+ staff) makes Bingo/Test detergents; 15% household-cleaning share; new ~USD 100M paper investment.","press (Financial Afrik, TSA)",https://www.financialafrik.com/2026/02/19/algerie-le-groupe-turc-hayat-dhc-investit-pres-de-100-millions-de-dollars-dans-lindustrie-papetiere,fr,VERIFIED,Large detergent buyer in Blida; Turkish group may source closures from Turkey - check.
2025 (approx),demand,Labonedjma,"Labonedjma (Larbaâ): 200 staff, 8,800 m2, 600+ references, 5 brands, exporting to France.",press (Algérie360),https://www.algerie360.com/40-ans-de-savoir-faire-algerien-qui-rayonne-au-dela-des-frontieres-labonedjma-conquiert-la-france/,fr,VERIFIED,"600 SKUs = high closure variety, moderate volume per SKU: classic target for a flexible small molder with colour-matching."
2026,buyer behavior,vertical integration in packaging,Chinese OEM blog states Laboratoires Venus 'manufactures its own packaging'.,blog (xiranskincare),https://xiranskincare.com/cosmetics-manufacturers-in-algeria-2026-the-5-local-factories-id-shortlist-for-private-label-contract-production/,en,WEAK SIGNAL,"If leaders integrate packaging in-house, it may indicate local supply was insufficient (supports gap) and reduces the addressable market at the top end."
2026,buyer behavior,private-label / contract fillers,"Algerian contract fillers (Dermal Group, Sabrinel, Groupe ECI, White Industry) offer OEM/private label with minimums.",blog (xiranskincare),https://xiranskincare.com/cosmetics-manufacturers-in-algeria-2026-the-5-local-factories-id-shortlist-for-private-label-contract-production/,en,WEAK SIGNAL,Contract fillers aggregate small brands' closure needs: channel partner candidates.
2015-05,competitor,beverage caps,SGT Algeria: 2.8 bn preforms; Husky HyCAP lines producing 800M caps/yr (2015); 63% share of independent preform conversion (2013). PTD (Blida) is No. 2 preform maker with a caps unit.,trade press (PETpla.net),https://petpla.net/assets/ebooks/PP201505/17/,en,VERIFIED,"Commodity beverage closures are well supplied at huge scale: no gap, avoid."
2018-05,competitor,beverage caps,"SGT opened Sétif cap-only site: 7 injection presses, ~2 bn caps/yr, 11 HDPE cap families.",press (Algérie360) via prior note,https://www.algerie360.com/specialisee-dans-la-fabrication-de-preformes-et-de-bouchons-en-polyethylenelentreprise-francaise-sgt-ouvre-une-deuxieme-usine-en-algerie/,fr,VERIFIED,"Confirms 'caps in general' are not a nationwide gap; any gap must be in non-beverage, dispensing, custom or low-MOQ closures."
n.d. (seen 2026-10-04),competitor,dispensing closures and pumps,"SARL SIPEM (ZI Oued Smar, Algiers; since 1982) advertises injection of caps with handles, dispenser caps and pumps.","marketplace ad (Ouedkniss, snippet)",https://www.ouedkniss.com/fabrication-des-produits-en-plastique-alger-oued-smar-algerie-services-d22745209?lang=fr,fr,STRONG SIGNAL,"At least one local maker claims dispensing closures => gap is not absolute; need to know its MOQ, range and whether it takes new customers."
n.d. (seen 2026-10-04),competitor,pharma/cosmetic capsules,"Kompass 'bouchons en plastique' Algeria lists makers across Algiers, Béjaïa, BBA, El Oued, Ghardaïa, Khenchela, Mascara, OEB, Sétif, Skikda incl. Laboratoires SPIC (Mohammadia: capsules and bottles for pharma/cosmetics), CROWN SARL (Mascara), FE Trading (BBA).","directory (Kompass, snippet)",https://dz.kompass.com/a/bouchons-en-plastique/20430/,fr,WEAK SIGNAL,Closure makers are geographically spread; at least one claims cosmetic capsules. Directory entries need phone verification.
n.d. (seen 2026-10-04),supply shortage,imported dispensing parts,"Facebook packaging traders (PAFIX, Draria) sell sprayers, gel pumps, soap pumps for cosmetics/parapharmacy.","social (Facebook, snippet)",https://www.facebook.com/people/PAFIX-emballage/100075973279239/,fr,WEAK SIGNAL,Pumps/triggers reach small brands via traders - likely imported (ASSUMPTION). Pumps/triggers are assembly-heavy multi-part products: not a first product for a 1-press startup.
n.d. (seen 2026-10-04),buyer behavior,bottle+closure sets / lot sizes,"Ouedkniss cosmetic-packaging listings: PET 50-100 ml bottles with caps or sprays; 1 L opaque bottle with pump sold in lot of 6,000; 60/100 ml gel bottles with pouring caps; sellers advertising import of pharma/cosmetic bottles.","marketplace (Ouedkniss, snippets)",https://www.ouedkniss.com/flacons_cosmetiques-r?lang=fr,fr,WEAK SIGNAL,"Small brands buy bottle and closure together, in lots of a few thousand, often imported: a low-MOQ local closure offer must be paired with bottle makers/traders."
n.d. (seen 2026-10-04),price,glass vials with caps,Ouedkniss snippet: sterile glass bottles with caps from ~90 DZD (unit).,"marketplace (Ouedkniss, snippet)",https://www.ouedkniss.com/s/?keywords=embalage-flacon&lang=fr,fr,WEAK SIGNAL,"Only DZD price seen; glass pharma vial, NOT a plastic closure price. No DZD price for flip-top/disc-top caps found."
2026-10-04,supply shortage,flip-top caps (search absence),"FR/AR/EN searches for 'fabricant bouchon flip top Algérie', 'سدادات بلاستيكية الجزائر' returned only Chinese/European suppliers and customs-tariff pages; no Algerian flip-top maker indexed.",web search (absence of evidence),https://conformepro.dz/ar/resources/tarif-douanier/sous-position/39.23.509200/سدادات-وأغطية-بلاستيكية,fr/ar/en,WEAK SIGNAL,Weak evidence that dispensing-closure supply is thin or offline; not proof of a gap (Algerian SMEs are poorly indexed).
n.d.,regulatory,customs code for closures,Algerian tariff line 3923.50.92 'bouchons et couvercles en plastique' (سدادات وأغطية بلاستيكية).,customs tariff database (conformepro.dz),https://conformepro.dz/ar/resources/tarif-douanier/sous-position/39.23.509200/سدادات-وأغطية-بلاستيكية,ar,VERIFIED,"Use HS 3923.50 to pull import volumes/values (ITC Trade Map, ONS/DGD) to size closure imports - next step."
n.d.,demand,shampoo segment share,"Sagaci Research: nourishing/moisturising shampoo for dry/damaged hair is the largest segment, dominated by local brands like Venus; 'Life' most scanned laundry brand; Amir Clean in dishwashing.","market research (Sagaci, snippets)",https://sagaciresearch.com/beauty-and-personal-care-shampoos-algeria/,en,STRONG SIGNAL,Local brands lead shampoo volumes -> local brand owners (not multinationals) are the realistic first customers.
2025-06-16,demand,cosmetics sector policy,CREA president Kamel Moula: local cosmetics sufficient for domestic demand; push to produce raw materials locally and export.,press (Dzair Tube),https://www.dzair-tube.dz/en/algerian-cosmetics-market-kamel-moula-envisions-production-and-export-of-raw-materials,en,VERIFIED,Business-association backing for upstream localisation; potential advocacy channel.
n.d. (c. 2017-2019),competitor,Aïn Témouchent ex-Henkel site,"Henkel sold Aïn Témouchent plant to SM2I consortium (Hamiani, Metidj); 160 jobs kept; 7 new activities incl. 2 subcontracted to Henkel.","press (Algérie360, Algérie Eco)",https://www.algerie360.com/henkel-cede-son-usine-de-ain-temouchent-a-des-investisseurs-prives-algeriens/,fr,STRONG SIGNAL,"Henkel already uses local subcontractors; if one is packaging, it shows the qualification path for local suppliers."
2020-03-21,demand,disinfectant/bleach surge,"ENAD/Shymeca and others doubled disinfectant output during Covid (gel, liquid soap, bleach).",press (Algérie Eco),https://algerie-eco.com/2020/03/21/coronavirus-en-algerie-des-entreprises-doublent-leur-production-en-produits-de-desinfection/,fr,VERIFIED,Episode of closure/pump shortage risk for sanitiser bottles - typical demand spike for pumps/flip-tops.
2026-10-04,price,flip-top cap price (estimate only),No sourced DZD or FOB price found for flip-top/disc-top caps in this pass; prior project long-list ESTIMATE 8-25 DZD/pc for flip-tops (unsourced).,internal estimate,/home/user/ghanoubenz/research_notes/Algeria injection molding feasibility/import_products_longlist.md,en,ASSUMPTION,"Price discovery is a must-do via calls to SIPEM, PAFIX, Ouedkniss sellers and Chinese FOB quotes."
