product_id,product,family,sector,photo_reference,known_buyers,known_suppliers,current_supply_source,local_or_imported,country_of_origin,pain_evidence,pain_type,pain_source_url,pain_confidence,demand_frequency,moq,lead_time,observed_price_dzd,price_source_url,price_confidence,material,part_weight_g,projected_area_cm2,cavities,shot_weight_g,mold_size_mm,clamp_required_t,machine_fit,mold_type,cycle_time_s,mold_cost_usd,unit_cost_dzd,potential_price_dzd,margin_pct,working_capital,regulatory_difficulty,quality_difficulty,copy_risk,switching_difficulty,buyer_concentration,custom_dimensions_needed,many_variants_needed,local_competition,why_choose_us,overall_confidence,sources,date_checked,next_validation_action,stage_notes
JC-01,"Flat glazing packer / cale de vitrage plate 100x24-28 mm, 1-6 mm thick (colour-coded)",Glazing packers,Joinery (alu + PVC),https://dgelehk.en.made-in-china.com/product/yaCYDVvHbrWx/China-Elehk-Glazing-Packers-Window-Flooring-Glass-Glazing-Packer-Shims-Spacers-Flat-Plastic-Frame-Flat-Glazing-Packer.html,"Leader Aluminium (Hammedi, Boumerdès; distributor); Oxxo/Cevital (Aïn Taghrout, BBA; PVC windows 2.1M/yr); Izdihar PVC (Tiaret; 117k units/yr); small alu/PVC joinery workshops listed on Ouedkniss (e.g. Reghaïa, El Madania, Guelma; unnamed)",Chinese packer makers (e.g. Dongguan Elehk on made-in-china); European brands (Würth) — Algerian seller brands UNKNOWN,Assumed imported via accessory distributors (Hammedi cluster); not verified,Imported (ASSUMPTION; no Algerian maker found online),UNKNOWN (likely CN/TR/IT),No buyer-specific pain found in desk search (Ouedkniss/FB/e-shops not fetchable; snippets only).,none_found,UNKNOWN,UNKNOWN,Continuous: 4-8 packers per glazed sash (ASSUMPTION); Oxxo 2.1M windows/yr capacity,"FOB MOQ 1,000-5,000 pcs (made-in-china/alibaba snippets)",UNKNOWN,UNKNOWN (no Algerian price found); FOB $0.016-0.045/pc,https://dgelehk.en.made-in-china.com/product/yaCYDVvHbrWx/China-Elehk-Glazing-Packers-Window-Flooring-Glass-Glazing-Packer-Shims-Spacers-Flat-Plastic-Frame-Flat-Glazing-Packer.html ; https://www.alibaba.com/showroom/plastic-frame-packers.html,WEAK SIGNAL (FOB snippet only),PP,4.0,26,12,57.6,380x350,129.2,Requires larger injection press,"2-plate cold runner family mold, 1-6 mm thickness inserts, colour by masterbatch",16,7000,2.27,6.56,65,"Low (PP, small stock)",Low,"Low (flatness, compression)",High,Low,Fragmented (hundreds of workshops) + 2 plants,Some (rebate widths 20/24/28/32 mm),Yes (6 thicknesses x 3-4 widths),None found online (WEAK),"Stock depth by thickness/width, mixed small packs, local delivery; no import cash tied",WEAK SIGNAL,https://dgelehk.en.made-in-china.com/product/yaCYDVvHbrWx/China-Elehk-Glazing-Packers-Window-Flooring-Glass-Glazing-Packer-Shims-Spacers-Flat-Plastic-Frame-Flat-Glazing-Packer.html ; https://www.alibaba.com/showroom/plastic-frame-packers.html ; https://www.ouedkniss.com/store/14372/leader-aluminium/accueil?lang=fr ; https://www.cevital.com/oxxo-increased-its-production-capacity-of-profiles-for-the-window-plant/ ; https://www.algerie360.com/pvc-lalgerie-mise-sur-2-nouvelles-usines-pour-passer-de-limport-a-lexport/ ; https://www.ouedkniss.com/accessoires-aluminium_materiaux_equipement-r?lang=fr,2026-10-04,"Visit Hammedi accessory shops + call Leader Aluminium: origin, DZD per 1,000, monthly volume, stock-outs; ask Oxxo purchasing for packer spec/consumption","GO-candidate (universal consumable, not system-specific). CALC: clamp=26cm2 x12cav x1.15 x0.3 x1.2=129.2t; shot=4.0g x12 x1.20=57.6g; unit cost = resin 300 DZD/kg (ASSUMPTION) 1.24 + conversion 0.93 (2,000 DZD/h, OEE 80%, ASSUMPTION) +5% pack = 2.27 DZD (excl. mold amortisation). potential = Chinese landed floor x1.15; landed = FOB $0.03/pc x133 x1.10 freight x1.30 DD (DAPS unknown, excluded) = 5.71 DZD. Mold payback ~217k parts at official FX."
JC-02,Glazing bridge packer with drainage channel / cale pont (PVC & alu sashes),Glazing packers,Joinery (alu + PVC),https://www.alibaba.com/showroom/plastic-frame-packers.html,"Leader Aluminium (Hammedi, Boumerdès; distributor); Oxxo/Cevital (Aïn Taghrout, BBA; PVC windows 2.1M/yr); Izdihar PVC (Tiaret; 117k units/yr); small alu/PVC joinery workshops listed on Ouedkniss (e.g. Reghaïa, El Madania, Guelma; unnamed)",Chinese/UK bridge packer makers (snippets); Algerian sellers UNKNOWN,UNKNOWN,Imported (ASSUMPTION),UNKNOWN,No buyer-specific pain found in desk search (Ouedkniss/FB/e-shops not fetchable; snippets only).,none_found,UNKNOWN,UNKNOWN,Continuous (PVC window lines),UNKNOWN,UNKNOWN,UNKNOWN,UNKNOWN (FOB assumed similar to flat packers +30%),ASSUMPTION,PP,6.0,30,8,57.6,350x320,99.4,Fits 120T confidently,"2-plate cold runner, side-action not needed",18,8000,3.59,8.75,59,Low,Low,Low,High,Low-Medium (PVC system houses specify packers),"Concentrated at PVC plants (Oxxo, Izdihar) + fragmented workshops",Yes (system rebate),Yes,None found online,Sold to PVC window plants as spec-matched local part,WEAK SIGNAL,https://www.ouedkniss.com/store/14372/leader-aluminium/accueil?lang=fr ; https://www.cevital.com/oxxo-increased-its-production-capacity-of-profiles-for-the-window-plant/ ; https://www.algerie360.com/pvc-lalgerie-mise-sur-2-nouvelles-usines-pour-passer-de-limport-a-lexport/ ; https://www.ouedkniss.com/accessoires-aluminium_materiaux_equipement-r?lang=fr,2026-10-04,Ask Oxxo/Izdihar which packers their system (profile) house requires and current supplier,"INVESTIGATE after JC-01. CALC: clamp=30cm2 x8cav x1.15 x0.3 x1.2=99.4t; shot=6.0g x8 x1.20=57.6g; unit cost = resin 300 DZD/kg (ASSUMPTION) 1.85 + conversion 1.56 (2,000 DZD/h, OEE 80%, ASSUMPTION) +5% pack = 3.59 DZD (excl. mold amortisation). potential = Chinese landed floor x1.15; landed = FOB $0.04/pc x133 x1.10 freight x1.30 DD (DAPS unknown, excluded) = 7.61 DZD. Mold payback ~206k parts at official FX."
JC-03,U-shaped / horseshoe frame packers (cales de calage fer à cheval) for frame installation,Glazing packers,Joinery + general building,https://www.alibaba.com/showroom/plastic-frame-packers.html,"Leader Aluminium (Hammedi, Boumerdès; distributor); Oxxo/Cevital (Aïn Taghrout, BBA; PVC windows 2.1M/yr); Izdihar PVC (Tiaret; 117k units/yr); small alu/PVC joinery workshops listed on Ouedkniss (e.g. Reghaïa, El Madania, Guelma; unnamed); installers; quincailleries",Chinese suppliers: $0.0223 (1k-5k) / $0.0193 / $0.0153 (10k+) per pc,UNKNOWN,Imported (ASSUMPTION),UNKNOWN,No buyer-specific pain found in desk search (Ouedkniss/FB/e-shops not fetchable; snippets only).,none_found,UNKNOWN,UNKNOWN,Continuous,"FOB MOQ 1,000 pcs",UNKNOWN,UNKNOWN; FOB $0.015-0.022/pc,https://www.alibaba.com/showroom/plastic-frame-packers.html,WEAK SIGNAL (FOB snippet),PP,3.0,18,16,57.6,380x380,119.2,Borderline 120T,2-plate cold runner family mold (1-10 mm),15,7000,1.66,4.37,62,Low,Low,Low,High,Low,Fragmented,No,Yes (thicknesses),None found online,Bundled with JC-01 in a joiner's packer kit,WEAK SIGNAL,https://www.alibaba.com/showroom/plastic-frame-packers.html,2026-10-04,Same visit as JC-01; check whether joiners use packers at all or improvise wood wedges,"GO-candidate as bundle with JC-01. CALC: clamp=18cm2 x16cav x1.15 x0.3 x1.2=119.2t; shot=3.0g x16 x1.20=57.6g; unit cost = resin 300 DZD/kg (ASSUMPTION) 0.93 + conversion 0.65 (2,000 DZD/h, OEE 80%, ASSUMPTION) +5% pack = 1.66 DZD (excl. mold amortisation). potential = Chinese landed floor x1.15; landed = FOB $0.02/pc x133 x1.10 freight x1.30 DD (DAPS unknown, excluded) = 3.80 DZD. Mold payback ~344k parts at official FX."
JC-04,Roller-shutter slat end cap / embout de lame (arrêt latéral) for 37-55 mm lames,Roller-shutter parts,Joinery (shutters),https://store.steelandpipes.com/products/alugix-55-slat-end-cap-set,Roller-shutter assemblers and alu/PVC joiners (unnamed); Leader Aluminium (sells shutter kits/motors),"Chinese shutter-component makers (Ningbo Rollmax, Sunline, JT Shutters on made-in-china)",UNKNOWN,Imported (ASSUMPTION),UNKNOWN,No buyer-specific pain found in desk search (Ouedkniss/FB/e-shops not fetchable; snippets only).,none_found,UNKNOWN,UNKNOWN,Continuous: ~2 caps per slat on alternate slats (FR retail description) → ~20-40 per shutter,UNKNOWN,UNKNOWN,UNKNOWN; US retail set $0.28 (Alugix-55),https://store.steelandpipes.com/products/alugix-55-slat-end-cap-set,WEAK SIGNAL (foreign retail),POM,1.5,2.5,32,62.4,350x300,55.2,Fits 120T confidently,"2-plate, small hook detail, maybe 1 lifter; must match slat profile",14,9000,1.54,UNKNOWN,UNKNOWN,Low-Medium (POM),Low,"Medium (fit to slat, UV, noise)",High,Low,Fragmented,Yes (one tool per slat profile),"Yes (37/39/42/55 mm slats, colours)",None found online,Profile-matched to local alu/PVC slats; colour-matched,WEAK SIGNAL,https://store.steelandpipes.com/products/alugix-55-slat-end-cap-set ; https://www.made-in-china.com/products-search/hot-china-products/Roller_Shutter_End_Cap.html,2026-10-04,Identify the 2-3 dominant slat profiles sold in Algeria (ask distributors) before tooling,"INVESTIGATE: profile fragmentation risk. CALC: clamp=2.5cm2 x32cav x1.15 x0.5 x1.2=55.2t; shot=1.5g x32 x1.30=62.4g; unit cost = resin 750 DZD/kg (ASSUMPTION) 1.16 + conversion 0.30 (2,000 DZD/h, OEE 80%, ASSUMPTION) +5% pack = 1.54 DZD (excl. mold amortisation). No price anchor found; potential price UNKNOWN."
JC-05,Final-slat end cap / embout de lame finale (pair L/R),Roller-shutter parts,Joinery (shutters),https://www.made-in-china.com/products-search/hot-china-products/Roller_Shutter_End_Cap.html,Roller-shutter assemblers (unnamed),Chinese shutter-component makers (made-in-china),UNKNOWN,Imported (ASSUMPTION),UNKNOWN,No buyer-specific pain found in desk search (Ouedkniss/FB/e-shops not fetchable; snippets only).,none_found,UNKNOWN,UNKNOWN,2 per shutter,UNKNOWN,UNKNOWN,UNKNOWN,UNKNOWN,UNKNOWN,PA6,6.0,6,8,60.0,300x280,33.1,Fits 120T confidently,2-plate family mold L/R,18,8000,6.18,UNKNOWN,UNKNOWN,Low,Low,Medium,High,Low,Fragmented,Yes (final slat profile),Yes,None found online,Profile-matched,WEAK SIGNAL,https://www.made-in-china.com/products-search/hot-china-products/Roller_Shutter_End_Cap.html,2026-10-04,As JC-04,"INVESTIGATE; low volume per shutter. CALC: clamp=6cm2 x8cav x1.15 x0.5 x1.2=33.1t; shot=6.0g x8 x1.25=60.0g; unit cost = resin 700 DZD/kg (ASSUMPTION) 4.33 + conversion 1.56 (2,000 DZD/h, OEE 80%, ASSUMPTION) +5% pack = 6.18 DZD (excl. mold amortisation). No price anchor found; potential price UNKNOWN."
JC-06,Roller-shutter box side cheeks / joues de caisson 45° (137-205 mm boxes),Roller-shutter parts,Joinery (shutters),https://www.alibaba.com/showroom/end-cap-for-roller-shutter.html,Roller-shutter assemblers; Leader Aluminium sells PVC caissons,"Chinese (made-in-china 'plastic end caps' $0.40-4.5/pc, 70 mm caps $2-4.5)","UNKNOWN (many cheeks are aluminium, not plastic)",Imported (ASSUMPTION),UNKNOWN,No buyer-specific pain found in desk search (Ouedkniss/FB/e-shops not fetchable; snippets only).,none_found,UNKNOWN,UNKNOWN,2 per shutter,FOB MOQ ~100 pcs,UNKNOWN,UNKNOWN; FOB $0.40-4.5/pc (cap type unclear),https://www.made-in-china.com/products-search/hot-china-products/Roller_Shutter_End_Cap.html,WEAK SIGNAL,ASA,70.0,150,2,154.0,450x400,207.0,Requires larger injection press,"2-plate, 1+1 L/R, UV-stable ASA",35,18000,61.97,328.08,81,Medium,Low,"Medium (UV, warpage)",Medium,Low,Fragmented,Yes (per box size),Yes (4+ box sizes x colours),UNKNOWN,UNKNOWN,WEAK SIGNAL,https://www.made-in-china.com/products-search/hot-china-products/Roller_Shutter_End_Cap.html ; https://www.ouedkniss.com/store/14372/leader-aluminium/accueil?lang=fr,2026-10-04,Check whether Algerian caissons use plastic or aluminium cheeks,"KILL for 120T on size (2-cav pair over clamp; 1+1 only for <=137 box). CALC: clamp=150cm2 x2cav x1.15 x0.5 x1.2=207.0t; shot=70.0g x2 x1.10=154.0g; unit cost = resin 650 DZD/kg (ASSUMPTION) 46.87 + conversion 12.15 (2,000 DZD/h, OEE 80%, ASSUMPTION) +5% pack = 61.97 DZD (excl. mold amortisation). potential = Chinese landed floor x1.15; landed = FOB $1.5/pc x133 x1.10 freight x1.30 DD (DAPS unknown, excluded) = 285.29 DZD. Mold payback ~9k parts at official FX."
JC-07,Guide-rail entry funnel / embout de coulisse (shutter guide top cap),Roller-shutter parts,Joinery (shutters),https://www.made-in-china.com/products-search/hot-china-products/Roller_Shutter_End_Cap.html,Roller-shutter assemblers (unnamed),Chinese shutter-component makers,UNKNOWN,Imported (ASSUMPTION),UNKNOWN,No buyer-specific pain found in desk search (Ouedkniss/FB/e-shops not fetchable; snippets only).,none_found,UNKNOWN,UNKNOWN,2 per shutter,UNKNOWN,UNKNOWN,UNKNOWN,UNKNOWN,UNKNOWN,PA6,5.0,5,16,100.0,350x320,55.2,Fits 120T confidently,2-plate cold runner,16,8000,4.51,UNKNOWN,UNKNOWN,Low,Low,Low-Medium,High,Low,Fragmented,Yes (guide profile),Medium,UNKNOWN,Profile-matched,WEAK SIGNAL,https://www.made-in-china.com/products-search/hot-china-products/Roller_Shutter_End_Cap.html,2026-10-04,As JC-04,"INVESTIGATE as part of a shutter-kit family. CALC: clamp=5cm2 x16cav x1.15 x0.5 x1.2=55.2t; shot=5.0g x16 x1.25=100.0g; unit cost = resin 700 DZD/kg (ASSUMPTION) 3.61 + conversion 0.69 (2,000 DZD/h, OEE 80%, ASSUMPTION) +5% pack = 4.51 DZD (excl. mold amortisation). No price anchor found; potential price UNKNOWN."
JC-08,Octagonal axle end cap / bearing support (embout d'axe 40/60 mm),Roller-shutter parts,Joinery (shutters),https://www.made-in-china.com/products-search/hot-china-products/Roller_Shutter_End_Cap.html,Roller-shutter assemblers (unnamed),Chinese (Rollmax caps catalogue),UNKNOWN,Imported (ASSUMPTION),UNKNOWN,No buyer-specific pain found in desk search (Ouedkniss/FB/e-shops not fetchable; snippets only).,none_found,UNKNOWN,UNKNOWN,1-2 per shutter,UNKNOWN,UNKNOWN,UNKNOWN; FOB 70 mm caps $2-4.5 (may be different item),https://www.made-in-china.com/products-search/hot-china-products/Roller_Shutter_End_Cap.html,WEAK SIGNAL,POM,22.0,20,4,105.6,320x300,55.2,Fits 120T confidently,"2-plate, bearing seat tolerance",25,10000,22.4,UNKNOWN,UNKNOWN,Medium,Low,"Medium (wear, concentricity)",Medium,Low,Fragmented,Yes (tube 40/60/70),Medium,UNKNOWN,UNKNOWN,WEAK SIGNAL,https://www.made-in-china.com/products-search/hot-china-products/Roller_Shutter_End_Cap.html,2026-10-04,As JC-04,"INVESTIGATE. CALC: clamp=20cm2 x4cav x1.15 x0.5 x1.2=55.2t; shot=22.0g x4 x1.20=105.6g; unit cost = resin 750 DZD/kg (ASSUMPTION) 17.00 + conversion 4.34 (2,000 DZD/h, OEE 80%, ASSUMPTION) +5% pack = 22.4 DZD (excl. mold amortisation). No price anchor found; potential price UNKNOWN."
JC-09,Strap guide / passe-sangle and strap-winder cover (manual shutters),Roller-shutter parts,Joinery (shutters),UNKNOWN,Roller-shutter installers; quincailleries,UNKNOWN (EU brands e.g. for winders; Chinese),UNKNOWN,UNKNOWN,UNKNOWN,No buyer-specific pain found in desk search (Ouedkniss/FB/e-shops not fetchable; snippets only).,none_found,UNKNOWN,UNKNOWN,1 per manual shutter; motorisation trend (Ouedkniss motor listings) shrinks it,UNKNOWN,UNKNOWN,UNKNOWN,UNKNOWN,UNKNOWN,ABS,18.0,30,4,86.4,350x300,82.8,Fits 120T confidently,"2-plate, possibly slide",25,9000,15.26,UNKNOWN,UNKNOWN,Low,Low,Medium (assembly with metal winder),High,Low,Fragmented,No,Low,UNKNOWN,UNKNOWN,ASSUMPTION,https://www.ouedkniss.com/moteur-volet_materiaux_equipement-r?lang=en,2026-10-04,Low priority; ask shutter installers share manual vs motor,"KILL/low: winder is a metal assembly; plastic share small; motorised shutters growing. CALC: clamp=30cm2 x4cav x1.15 x0.5 x1.2=82.8t; shot=18.0g x4 x1.20=86.4g; unit cost = resin 550 DZD/kg (ASSUMPTION) 10.20 + conversion 4.34 (2,000 DZD/h, OEE 80%, ASSUMPTION) +5% pack = 15.26 DZD (excl. mold amortisation). No price anchor found; potential price UNKNOWN."
JC-10,Final-slat stop / butée de lame finale (anti-ascent stop),Roller-shutter parts,Joinery (shutters),https://www.made-in-china.com/products-search/hot-china-products/Roller_Shutter_End_Cap.html,Roller-shutter assemblers,Chinese shutter-component makers,UNKNOWN,Imported (ASSUMPTION),UNKNOWN,No buyer-specific pain found in desk search (Ouedkniss/FB/e-shops not fetchable; snippets only).,none_found,UNKNOWN,UNKNOWN,2 per shutter,UNKNOWN,UNKNOWN,UNKNOWN,UNKNOWN,UNKNOWN,PA6,3.0,3,16,62.4,300x300,33.1,Fits 120T confidently,2-plate,15,7000,2.95,UNKNOWN,UNKNOWN,Low,Low,Low,High,Low,Fragmented,Yes,Medium,UNKNOWN,Kit bundling,WEAK SIGNAL,https://www.made-in-china.com/products-search/hot-china-products/Roller_Shutter_End_Cap.html,2026-10-04,As JC-04,"INVESTIGATE inside shutter kit. CALC: clamp=3cm2 x16cav x1.15 x0.5 x1.2=33.1t; shot=3.0g x16 x1.30=62.4g; unit cost = resin 700 DZD/kg (ASSUMPTION) 2.16 + conversion 0.65 (2,000 DZD/h, OEE 80%, ASSUMPTION) +5% pack = 2.95 DZD (excl. mold amortisation). No price anchor found; potential price UNKNOWN."
JC-11,Rigid tablier hanger / attache tablier (slat-to-axle clip),Roller-shutter parts,Joinery (shutters),https://www.made-in-china.com/products-search/hot-china-products/Roller_Shutter_End_Cap.html,Roller-shutter assemblers,Chinese/EU,UNKNOWN,Imported (ASSUMPTION),UNKNOWN,No buyer-specific pain found in desk search (Ouedkniss/FB/e-shops not fetchable; snippets only).,none_found,UNKNOWN,UNKNOWN,2-3 per shutter,UNKNOWN,UNKNOWN,UNKNOWN,UNKNOWN,UNKNOWN,POM,5.0,6,8,50.0,300x300,33.1,Fits 120T confidently,"2-plate, snap feature",16,8000,5.51,UNKNOWN,UNKNOWN,Low,Low,Medium (fatigue),High,Low,Fragmented,Yes (axle/slat),Medium,UNKNOWN,Kit bundling,WEAK SIGNAL,https://www.made-in-china.com/products-search/hot-china-products/Roller_Shutter_End_Cap.html,2026-10-04,As JC-04,"INVESTIGATE; many hangers are spring steel. CALC: clamp=6cm2 x8cav x1.15 x0.5 x1.2=33.1t; shot=5.0g x8 x1.25=50.0g; unit cost = resin 750 DZD/kg (ASSUMPTION) 3.86 + conversion 1.39 (2,000 DZD/h, OEE 80%, ASSUMPTION) +5% pack = 5.51 DZD (excl. mold amortisation). No price anchor found; potential price UNKNOWN."
JC-12,"Aluminium/PVC profile end caps (embouts de profilé, tube 20x20 to 60x60, rail end caps)",Profile caps,Joinery + metal furniture,https://www.ouedkniss.com/accessoires-aluminium_materiaux_equipement-r?lang=fr,"Leader Aluminium (Hammedi, Boumerdès; distributor); Oxxo/Cevital (Aïn Taghrout, BBA; PVC windows 2.1M/yr); Izdihar PVC (Tiaret; 117k units/yr); small alu/PVC joinery workshops listed on Ouedkniss (e.g. Reghaïa, El Madania, Guelma; unnamed); metal furniture makers","UNKNOWN (Ouedkniss accessory sellers; brands 'Dubral','Alupha' seen at Leader Aluminium)",UNKNOWN,UNKNOWN,UNKNOWN,No buyer-specific pain found in desk search (Ouedkniss/FB/e-shops not fetchable; snippets only).,none_found,UNKNOWN,UNKNOWN,Continuous,UNKNOWN,UNKNOWN,UNKNOWN,UNKNOWN,UNKNOWN,PP,5.0,12,8,48.0,320x300,39.7,Fits 120T confidently,"2-plate, multi-size inserts; tube caps with fins",18,7000,3.26,UNKNOWN,UNKNOWN,Low,Low,Low,High,Low,Fragmented,Yes (per section),Yes,UNKNOWN (furniture-cap molders may exist),"Short runs per section, colours",WEAK SIGNAL,https://www.ouedkniss.com/accessoires-aluminium_materiaux_equipement-r?lang=fr ; https://www.ouedkniss.com/store/14372/leader-aluminium/accueil?lang=fr,2026-10-04,List top 10 profile sections sold in Hammedi; overlap with furniture researcher's tube caps,"INVESTIGATE; overlaps furniture tube-plug family. CALC: clamp=12cm2 x8cav x1.15 x0.3 x1.2=39.7t; shot=5.0g x8 x1.20=48.0g; unit cost = resin 300 DZD/kg (ASSUMPTION) 1.54 + conversion 1.56 (2,000 DZD/h, OEE 80%, ASSUMPTION) +5% pack = 3.26 DZD (excl. mold amortisation). No price anchor found; potential price UNKNOWN."
JC-13,"Drainage slot cover / cache de drainage (alu & PVC frames), colour-matched",Profile caps,Joinery (alu + PVC),UNKNOWN,"Leader Aluminium (Hammedi, Boumerdès; distributor); Oxxo/Cevital (Aïn Taghrout, BBA; PVC windows 2.1M/yr); Izdihar PVC (Tiaret; 117k units/yr); small alu/PVC joinery workshops listed on Ouedkniss (e.g. Reghaïa, El Madania, Guelma; unnamed)",UNKNOWN; system houses (Turkish/Italian) supply with profiles,UNKNOWN,Imported (ASSUMPTION),UNKNOWN,No buyer-specific pain found in desk search (Ouedkniss/FB/e-shops not fetchable; snippets only). Colour-matching need is a hypothesis.,none_found,UNKNOWN,UNKNOWN,2-4 per window,UNKNOWN,UNKNOWN,UNKNOWN,UNKNOWN,UNKNOWN,PP,1.5,3.5,32,62.4,350x320,46.4,Fits 120T confidently,"2-plate cold runner, 32 cav, sub-gate",14,8000,0.81,UNKNOWN,UNKNOWN,Low,Low,Low (colour match),High,Low,2 plants + fragmented,Some (slot 5x30 standard),"Yes (colours: white, anthracite, brown, wood)",None found,Colour-matched small lots for local profile colours,WEAK SIGNAL,https://www.ouedkniss.com/store/14372/leader-aluminium/accueil?lang=fr ; https://www.cevital.com/oxxo-increased-its-production-capacity-of-profiles-for-the-window-plant/ ; https://www.algerie360.com/pvc-lalgerie-mise-sur-2-nouvelles-usines-pour-passer-de-limport-a-lexport/ ; https://www.ouedkniss.com/accessoires-aluminium_materiaux_equipement-r?lang=fr,2026-10-04,Ask Oxxo/Izdihar and 5 joiners if drainage caps/colours are ever short,"GO-candidate (cheap tool, universal-ish). CALC: clamp=3.5cm2 x32cav x1.15 x0.3 x1.2=46.4t; shot=1.5g x32 x1.30=62.4g; unit cost = resin 300 DZD/kg (ASSUMPTION) 0.46 + conversion 0.30 (2,000 DZD/h, OEE 80%, ASSUMPTION) +5% pack = 0.81 DZD (excl. mold amortisation). No price anchor found; potential price UNKNOWN."
JC-14,"Sliding-window nylon wheel only (galet coulissant, without housing)",Sliding hardware,Joinery (alu),UNKNOWN,"Leader Aluminium (Hammedi, Boumerdès; distributor); Oxxo/Cevital (Aïn Taghrout, BBA; PVC windows 2.1M/yr); Izdihar PVC (Tiaret; 117k units/yr); small alu/PVC joinery workshops listed on Ouedkniss (e.g. Reghaïa, El Madania, Guelma; unnamed)","Master Italy (IT, Batimatec exhibitor, >20 yrs in N. Africa); Chinese",Branded kits with bearing (ASSUMPTION),Imported,IT/TR/CN (ASSUMPTION),No buyer-specific pain found in desk search (Ouedkniss/FB/e-shops not fetchable; snippets only).,none_found,UNKNOWN,UNKNOWN,2-4 per sliding sash + replacement,UNKNOWN,UNKNOWN,UNKNOWN,https://www.masteritaly.com/wp-content/uploads/2019/03/Communiqué-de-presse_FR_Batimatec.pdf,UNKNOWN,POM,3.0,3,16,62.4,300x300,33.1,Fits 120T confidently,"2-plate, tight bore tolerance; usually overmolded on bearing",18,9000,3.25,UNKNOWN,UNKNOWN,Medium,Low,"High (load, wear, bearing fit)",Medium,Medium (brand trust),Fragmented,Yes,Yes,UNKNOWN,Replacement market only,WEAK SIGNAL,https://www.masteritaly.com/wp-content/uploads/2019/03/Communiqué-de-presse_FR_Batimatec.pdf,2026-10-04,Low priority,"KILL for now: technical, brand-led, needs bearing assembly. CALC: clamp=3cm2 x16cav x1.15 x0.5 x1.2=33.1t; shot=3.0g x16 x1.30=62.4g; unit cost = resin 750 DZD/kg (ASSUMPTION) 2.32 + conversion 0.78 (2,000 DZD/h, OEE 80%, ASSUMPTION) +5% pack = 3.25 DZD (excl. mold amortisation). No price anchor found; potential price UNKNOWN."
JC-15,Sliding-sash stop / tampon d'arrêt and interlock end plug,Sliding hardware,Joinery (alu),UNKNOWN,"Leader Aluminium (Hammedi, Boumerdès; distributor); Oxxo/Cevital (Aïn Taghrout, BBA; PVC windows 2.1M/yr); Izdihar PVC (Tiaret; 117k units/yr); small alu/PVC joinery workshops listed on Ouedkniss (e.g. Reghaïa, El Madania, Guelma; unnamed)",System houses / Chinese,UNKNOWN,Imported (ASSUMPTION),UNKNOWN,No buyer-specific pain found in desk search (Ouedkniss/FB/e-shops not fetchable; snippets only).,none_found,UNKNOWN,UNKNOWN,2-4 per sliding window,UNKNOWN,UNKNOWN,UNKNOWN,UNKNOWN,UNKNOWN,PA6,4.0,4,16,80.0,320x300,44.2,Fits 120T confidently,2-plate,16,8000,3.76,UNKNOWN,UNKNOWN,Low,Low,Low,High,Low,Fragmented,Yes (profile series),Yes,UNKNOWN,Series-matched for dominant local alu series,WEAK SIGNAL,https://www.ouedkniss.com/store/14372/leader-aluminium/accueil?lang=fr ; https://www.cevital.com/oxxo-increased-its-production-capacity-of-profiles-for-the-window-plant/ ; https://www.algerie360.com/pvc-lalgerie-mise-sur-2-nouvelles-usines-pour-passer-de-limport-a-lexport/ ; https://www.ouedkniss.com/accessoires-aluminium_materiaux_equipement-r?lang=fr,2026-10-04,Identify dominant local sliding series (ask SPA Profilés Aluminium du Maghreb and distributors),"INVESTIGATE; system-specific. CALC: clamp=4cm2 x16cav x1.15 x0.5 x1.2=44.2t; shot=4.0g x16 x1.25=80.0g; unit cost = resin 700 DZD/kg (ASSUMPTION) 2.88 + conversion 0.69 (2,000 DZD/h, OEE 80%, ASSUMPTION) +5% pack = 3.76 DZD (excl. mold amortisation). No price anchor found; potential price UNKNOWN."
JC-16,Fly-screen frame corner (équerre moustiquaire) 7x17 / 10x20 mm,Fly-screen parts,Joinery (alu),https://sunlineshutter.en.made-in-china.com/product/gvmnaSBWXMpZ/China-Shutter-Windows-Components-Insect-Screen-Kits-Plastic-End-Cap-Plastic-Clips-Side-Locks.html,"Leader Aluminium (Hammedi, Boumerdès; distributor); Oxxo/Cevital (Aïn Taghrout, BBA; PVC windows 2.1M/yr); Izdihar PVC (Tiaret; 117k units/yr); small alu/PVC joinery workshops listed on Ouedkniss (e.g. Reghaïa, El Madania, Guelma; unnamed); fly-screen fabricators",Chinese insect-screen kit makers (Sunline on made-in-china),UNKNOWN,Imported (ASSUMPTION),UNKNOWN,No buyer-specific pain found in desk search (Ouedkniss/FB/e-shops not fetchable; snippets only).,none_found,UNKNOWN,UNKNOWN,4 per screen; seasonal (spring/summer),UNKNOWN,UNKNOWN,UNKNOWN,UNKNOWN,UNKNOWN,PP,3.0,4,24,90.0,350x320,39.7,Fits 120T confidently,"2-plate, 24 cav, may need small core pulls",15,7000,1.43,UNKNOWN,UNKNOWN,Low (seasonal stock build),Low,Low,High,Low,Fragmented,Yes (frame profile),Medium (2-3 sizes x white/brown/grey),UNKNOWN,Seasonal availability + colours,WEAK SIGNAL,https://sunlineshutter.en.made-in-china.com/product/gvmnaSBWXMpZ/,2026-10-04,Ask Hammedi shops for fly-screen frame profile sizes and corner origin/price,"GO-candidate if 1-2 profile sizes dominate. CALC: clamp=4cm2 x24cav x1.15 x0.3 x1.2=39.7t; shot=3.0g x24 x1.25=90.0g; unit cost = resin 300 DZD/kg (ASSUMPTION) 0.93 + conversion 0.43 (2,000 DZD/h, OEE 80%, ASSUMPTION) +5% pack = 1.43 DZD (excl. mold amortisation). No price anchor found; potential price UNKNOWN."
JC-17,Fly-screen spring clips / fixation clips (clips moustiquaire),Fly-screen parts,Joinery (alu),UNKNOWN,"Fly-screen fabricators, joiners",Chinese kit makers,UNKNOWN,Imported (ASSUMPTION),UNKNOWN,No buyer-specific pain found in desk search (Ouedkniss/FB/e-shops not fetchable; snippets only).,none_found,UNKNOWN,UNKNOWN,4 per screen; seasonal,UNKNOWN,UNKNOWN,UNKNOWN,UNKNOWN,UNKNOWN,PP,1.5,2.5,32,62.4,320x300,33.1,Fits 120T confidently,2-plate,14,7000,0.81,UNKNOWN,UNKNOWN,Low,Low,Low,High,Low,Fragmented,Some,Low,UNKNOWN,Kit with JC-16,WEAK SIGNAL,UNKNOWN,2026-10-04,As JC-16,"Bundle with JC-16. CALC: clamp=2.5cm2 x32cav x1.15 x0.3 x1.2=33.1t; shot=1.5g x32 x1.30=62.4g; unit cost = resin 300 DZD/kg (ASSUMPTION) 0.46 + conversion 0.30 (2,000 DZD/h, OEE 80%, ASSUMPTION) +5% pack = 0.81 DZD (excl. mold amortisation). No price anchor found; potential price UNKNOWN."
JC-18,Plastic alignment / corner key for aluminium profiles (équerre d'alignement PA-GF),Corner keys,Joinery (alu),https://composants.emile-maurin.fr/custom/docs/modele/94-101_e/equerre-fixation-94-101-pdf-94_101-lmod1.pdf,"Leader Aluminium (Hammedi, Boumerdès; distributor); Oxxo/Cevital (Aïn Taghrout, BBA; PVC windows 2.1M/yr); Izdihar PVC (Tiaret; 117k units/yr); small alu/PVC joinery workshops listed on Ouedkniss (e.g. Reghaïa, El Madania, Guelma; unnamed)",Master Italy and other IT/TR system accessory brands (mostly aluminium/zamak corners),Mostly metal crimping corners (ASSUMPTION),Imported,IT/TR (ASSUMPTION),No buyer-specific pain found in desk search (Ouedkniss/FB/e-shops not fetchable; snippets only).,none_found,UNKNOWN,UNKNOWN,4-8 per frame,UNKNOWN,UNKNOWN,UNKNOWN,UNKNOWN,UNKNOWN,PA6-GF,12.0,10,4,57.6,300x300,33.1,Fits 120T confidently,"2-plate, glass-filled → hardened steel",30,12000,15.2,UNKNOWN,UNKNOWN,Medium,Low,High (structural),Medium,High (system approval),Fragmented,Yes (per profile chamber),Yes,UNKNOWN,UNKNOWN,WEAK SIGNAL,https://www.masteritaly.com/wp-content/uploads/2019/03/Communiqué-de-presse_FR_Batimatec.pdf,2026-10-04,Do not pursue until a local extruder asks for it,"KILL: structural equerres are metal; plastic only in niche; system-specific. CALC: clamp=10cm2 x4cav x1.15 x0.6 x1.2=33.1t; shot=12.0g x4 x1.20=57.6g; unit cost = resin 750 DZD/kg (ASSUMPTION) 9.27 + conversion 5.21 (2,000 DZD/h, OEE 80%, ASSUMPTION) +5% pack = 15.2 DZD (excl. mold amortisation). No price anchor found; potential price UNKNOWN."
JC-19,"PVC window hinge/handle cover caps & screw caps (caches paumelles, cache-vis)",Cover caps,Joinery (PVC),UNKNOWN,Oxxo/Cevital; Izdihar PVC; PVC joiners,PVC hardware brands (TR/DE/IT; UNKNOWN which),UNKNOWN,Imported (ASSUMPTION),UNKNOWN,No buyer-specific pain found in desk search (Ouedkniss/FB/e-shops not fetchable; snippets only).,none_found,UNKNOWN,UNKNOWN,2-6 per window,UNKNOWN,UNKNOWN,UNKNOWN,UNKNOWN,UNKNOWN,PP,4.0,6,16,80.0,350x320,39.7,Fits 120T confidently,"2-plate, snap fits",15,8000,1.98,UNKNOWN,UNKNOWN,Low,Low,"Medium (colour, gloss match)",High,Medium (hardware brand-specific),Concentrated (2 plants),Yes (hinge brand),Yes (colours),UNKNOWN,Izdihar's 85% integration claim implies local-content push (inference),WEAK SIGNAL,https://www.algerie360.com/pvc-lalgerie-mise-sur-2-nouvelles-usines-pour-passer-de-limport-a-lexport/ ; https://www.cevital.com/oxxo-increased-its-production-capacity-of-profiles-for-the-window-plant/,2026-10-04,Ask Izdihar what the 15% non-integrated content is,"INVESTIGATE via Izdihar integration agenda. CALC: clamp=6cm2 x16cav x1.15 x0.3 x1.2=39.7t; shot=4.0g x16 x1.25=80.0g; unit cost = resin 300 DZD/kg (ASSUMPTION) 1.24 + conversion 0.65 (2,000 DZD/h, OEE 80%, ASSUMPTION) +5% pack = 1.98 DZD (excl. mold amortisation). No price anchor found; potential price UNKNOWN."
JC-20,Insulating-glass spacer-bar corner keys & straight connectors (clés d'angle intercalaire),IGU spacer parts,Glass processing / double glazing,UNKNOWN,"Double-glazing (IGU) workshops; PVC window plants with in-house IGU lines (Oxxo likely, ASSUMPTION)",UNKNOWN (EU/TR/CN),UNKNOWN,Imported (ASSUMPTION),UNKNOWN,No buyer-specific pain found in desk search (Ouedkniss/FB/e-shops not fetchable; snippets only).,none_found,UNKNOWN,UNKNOWN,4 per IGU unit; continuous,UNKNOWN,UNKNOWN,UNKNOWN,UNKNOWN,UNKNOWN,PP,2.0,2.5,32,83.2,320x300,33.1,Fits 120T confidently,"2-plate, 32 cav family (6-20 mm bar widths)",14,9000,0.97,UNKNOWN,UNKNOWN,Low,Low,"Medium (gas-tight fit, dims)",High,Medium,Medium (IGU makers fewer than joiners),Yes (bar width/height),Yes,UNKNOWN,Width-specific local stock,ASSUMPTION,UNKNOWN,2026-10-04,Find Algerian IGU makers (glass processors) and ask about spacer bar system,"INVESTIGATE: new buyer group not yet mapped. CALC: clamp=2.5cm2 x32cav x1.15 x0.3 x1.2=33.1t; shot=2.0g x32 x1.30=83.2g; unit cost = resin 300 DZD/kg (ASSUMPTION) 0.62 + conversion 0.30 (2,000 DZD/h, OEE 80%, ASSUMPTION) +5% pack = 0.97 DZD (excl. mold amortisation). No price anchor found; potential price UNKNOWN."
JC-21,EPDM glazing / frame gaskets (joints),Gaskets,Joinery,UNKNOWN,"Leader Aluminium (Hammedi, Boumerdès; distributor); Oxxo/Cevital (Aïn Taghrout, BBA; PVC windows 2.1M/yr); Izdihar PVC (Tiaret; 117k units/yr); small alu/PVC joinery workshops listed on Ouedkniss (e.g. Reghaïa, El Madania, Guelma; unnamed)",Leader Aluminium sells EPDM curtain-wall gaskets (origin UNKNOWN),UNKNOWN,UNKNOWN,UNKNOWN,No buyer-specific pain found in desk search (Ouedkniss/FB/e-shops not fetchable; snippets only).,none_found,UNKNOWN,UNKNOWN,UNKNOWN,UNKNOWN,UNKNOWN,UNKNOWN,UNKNOWN,UNKNOWN,EPDM,n/a,n/a,n/a,n/a,n/a,n/a,Requires extrusion,n/a (not injection),n/a,n/a,n/a,n/a,n/a,UNKNOWN,UNKNOWN,UNKNOWN,UNKNOWN,UNKNOWN,UNKNOWN,UNKNOWN,UNKNOWN,UNKNOWN,UNKNOWN,WEAK SIGNAL,https://www.ouedkniss.com/store/14372/leader-aluminium/accueil?lang=fr,2026-10-04,None (out of process scope),"KILL: extrusion, not injection."
JC-22,PVC / aluminium roller-shutter slats (lames),Roller-shutter parts,Joinery (shutters),UNKNOWN,Shutter assemblers,Oxxo (PVC profiles); Turkish profile makers (Yapıpen 'shutter profiles'),UNKNOWN,Local + imported,UNKNOWN,No buyer-specific pain found in desk search (Ouedkniss/FB/e-shops not fetchable; snippets only).,none_found,UNKNOWN,UNKNOWN,UNKNOWN,UNKNOWN,UNKNOWN,UNKNOWN,UNKNOWN,UNKNOWN,PVC,n/a,n/a,n/a,n/a,n/a,n/a,Requires extrusion,n/a (not injection),n/a,n/a,n/a,n/a,n/a,UNKNOWN,UNKNOWN,UNKNOWN,UNKNOWN,UNKNOWN,UNKNOWN,UNKNOWN,UNKNOWN,UNKNOWN,UNKNOWN,WEAK SIGNAL,https://bp.b2brazil.com/hotsite/yapipengroup,2026-10-04,None,KILL: extrusion/roll-forming.
JC-23,Sliding-window brush/pile end plug & weather-strip end caps,Profile caps,Joinery (alu),UNKNOWN,"Leader Aluminium (Hammedi, Boumerdès; distributor); Oxxo/Cevital (Aïn Taghrout, BBA; PVC windows 2.1M/yr); Izdihar PVC (Tiaret; 117k units/yr); small alu/PVC joinery workshops listed on Ouedkniss (e.g. Reghaïa, El Madania, Guelma; unnamed)",UNKNOWN,UNKNOWN,UNKNOWN,UNKNOWN,No buyer-specific pain found in desk search (Ouedkniss/FB/e-shops not fetchable; snippets only).,none_found,UNKNOWN,UNKNOWN,2-4 per sliding window,UNKNOWN,UNKNOWN,UNKNOWN,UNKNOWN,UNKNOWN,TPE,2.0,2,16,41.6,300x300,13.2,Borderline 120T,"2-plate, TPE",18,8000,2.12,UNKNOWN,UNKNOWN,Low,Low,Low,High,Low,Fragmented,Yes,Yes,UNKNOWN,UNKNOWN,ASSUMPTION,UNKNOWN,2026-10-04,Low priority,"KILL/low: tiny value, series-specific, TPE adds a material. CALC: clamp=2cm2 x16cav x1.15 x0.3 x1.2=13.2t; shot=2.0g x16 x1.30=41.6g; unit cost = resin 600 DZD/kg (ASSUMPTION) 1.24 + conversion 0.78 (2,000 DZD/h, OEE 80%, ASSUMPTION) +5% pack = 2.12 DZD (excl. mold amortisation). No price anchor found; potential price UNKNOWN. Shot 41.6 g is below the 45 g practical minimum of a 120T barrel: needs smaller screw option or more cavities; residence-time risk."
JC-24,"Rebar spacer wheel / cale roue 30 mm cover, rebar 8-14 mm",Rebar spacers,Construction,https://hebeichuangke.en.made-in-china.com/product-group/wojTMLSJngcR/Plastic-Spacer-1.html,"Quincaillerie wholesalers/e-shops (assly.dz, mabricole.com.dz, jumia.dz sellers); building contractors (unnamed); precast plants: Cosider Canalisations (precast walls, double-T slabs), Trans-Canal Algeria (concrete pipe)",Retail via assly.dz (brand/origin UNKNOWN); Chinese makers (Hebei Trico etc.),Retail e-shops; manufacturer UNKNOWN,UNKNOWN (no Algerian maker found online; WEAK),UNKNOWN,No buyer-specific pain found in desk search (Ouedkniss/FB/e-shops not fetchable; snippets only).,none_found,UNKNOWN,UNKNOWN,Continuous; public-housing driven; several per m2 of slab/wall (ASSUMPTION),"Retail bag 1,000 pcs; FOB MOQ 100-10,000",UNKNOWN,"13.6 DA/pc retail (1,000 pcs 30/8-14 = 13,600 DA); FOB $0.01-0.15/pc",https://www.assly.dz/product-category/fixation-mecanique-boulonerie/chevilles-et-cales/cale-a-beton/ ; https://www.alibaba.com/showroom/concrete-spacer.html,VERIFIED (snippet) retail; WEAK FOB,rPP/HDPE,7.0,28,8,67.2,380x350,92.7,Fits 120T confidently,"2-plate, 8 cav, regrind tolerant",22,7000,3.37,6.8,50,Low (recycled resin),Low,"Low (cover tolerance, clip grip)",High,Low,Fragmented + some precast,Some (cover 15-50 mm),Yes (cover x bar dia),UNKNOWN (not indexed),Bulky low-value item: freight protects local; recycled PP cost edge; precast custom covers,STRONG SIGNAL (price) / WEAK (pain),https://www.assly.dz/product-category/fixation-mecanique-boulonerie/chevilles-et-cales/cale-a-beton/ ; https://www.alibaba.com/showroom/concrete-spacer.html ; https://hebeichuangke.en.made-in-china.com/product-group/wojTMLSJngcR/Plastic-Spacer-1.html,2026-10-04,"Call 3 quincaillerie wholesalers (Algiers east, El Eulma) + Cosider/Trans-Canal purchasing: monthly qty, origin, wholesale DZD/1,000","GO-candidate (strongest price anchor). CALC: clamp=28cm2 x8cav x1.15 x0.3 x1.2=92.7t; shot=7.0g x8 x1.20=67.2g; unit cost = resin 180 DZD/kg (ASSUMPTION) 1.30 + conversion 1.91 (2,000 DZD/h, OEE 80%, ASSUMPTION) +5% pack = 3.37 DZD (excl. mold amortisation). potential = 50% of observed retail per piece (ASSUMPTION: distributor+retailer take ~50%). Mold payback ~271k parts at official FX."
JC-25,Vertical round spacer small / cale verticale 25/6-12,Rebar spacers,Construction,https://www.assly.dz/product-category/fixation-mecanique-boulonerie/chevilles-et-cales/cale-a-beton/,"Quincaillerie wholesalers/e-shops (assly.dz, mabricole.com.dz, jumia.dz sellers); building contractors (unnamed); precast plants: Cosider Canalisations (precast walls, double-T slabs), Trans-Canal Algeria (concrete pipe)",assly.dz retail; Chinese,Retail e-shops; manufacturer UNKNOWN,UNKNOWN,UNKNOWN,No buyer-specific pain found in desk search (Ouedkniss/FB/e-shops not fetchable; snippets only).,none_found,UNKNOWN,UNKNOWN,Continuous,"Retail bag 150 pcs (also 1,000 per another snippet)",UNKNOWN,5.6 DA/pc retail (150 pcs = 840 DA),https://www.assly.dz/product-category/fixation-mecanique-boulonerie/chevilles-et-cales/cale-a-beton/,"VERIFIED (snippet); pack size conflicts (150 vs 1,000)",rPP/HDPE,4.0,20,12,57.6,380x350,99.4,Fits 120T confidently,"2-plate, 12 cav",18,7000,1.87,2.8,33,Low,Low,Low,High,Low,Fragmented,No,Medium,UNKNOWN,As JC-24,STRONG SIGNAL (price),https://www.assly.dz/product-category/fixation-mecanique-boulonerie/chevilles-et-cales/cale-a-beton/,2026-10-04,As JC-24,"GO-candidate (same tool family as JC-24). CALC: clamp=20cm2 x12cav x1.15 x0.3 x1.2=99.4t; shot=4.0g x12 x1.20=57.6g; unit cost = resin 180 DZD/kg (ASSUMPTION) 0.74 + conversion 1.04 (2,000 DZD/h, OEE 80%, ASSUMPTION) +5% pack = 1.87 DZD (excl. mold amortisation). potential = 50% of observed retail per piece (ASSUMPTION: distributor+retailer take ~50%). Mold payback ~1001k parts at official FX."
JC-26,Horizontal spacer chair / cale horizontale 40-8/24 and 50-8/24,Rebar spacers,Construction,https://www.assly.dz/product/cale-d-armature-plastique-horizontale-40-8-24-sac-600pcs-ref-3040/,"Quincaillerie wholesalers/e-shops (assly.dz, mabricole.com.dz, jumia.dz sellers); building contractors (unnamed); precast plants: Cosider Canalisations (precast walls, double-T slabs), Trans-Canal Algeria (concrete pipe)",assly.dz retail (ref 3040); Chinese,Retail e-shops; manufacturer UNKNOWN,UNKNOWN,UNKNOWN,No buyer-specific pain found in desk search (Ouedkniss/FB/e-shops not fetchable; snippets only).,none_found,UNKNOWN,UNKNOWN,Continuous (slabs),Retail bags 500-600 pcs,UNKNOWN,"22.5 DA/pc (600 pcs 40-8/24 = 13,500 DA); 21.2 DA/pc (500 pcs 50-8/24 = 10,600 DA)",https://www.assly.dz/product-category/fixation-mecanique-boulonerie/chevilles-et-cales/cale-a-beton/ ; https://www.assly.dz/product/cale-d-armature-plastique-horizontale-40-8-24-sac-600pcs-ref-3040/,VERIFIED (snippet),rPP/HDPE,12.0,22,6,82.8,380x350,54.6,Fits 120T confidently,"2-plate, 6 cav, interchangeable height inserts",24,8000,5.25,11.0,52,Low,Low,Low (load),High,Low,Fragmented,Yes (heights),Yes,UNKNOWN,Best DZD/g of the spacer family,STRONG SIGNAL (price),https://www.assly.dz/product-category/fixation-mecanique-boulonerie/chevilles-et-cales/cale-a-beton/,2026-10-04,As JC-24,"GO-candidate (lead SKU). CALC: clamp=22cm2 x6cav x1.15 x0.3 x1.2=54.6t; shot=12.0g x6 x1.15=82.8g; unit cost = resin 180 DZD/kg (ASSUMPTION) 2.22 + conversion 2.78 (2,000 DZD/h, OEE 80%, ASSUMPTION) +5% pack = 5.25 DZD (excl. mold amortisation). potential = 50% of observed retail per piece (ASSUMPTION: distributor+retailer take ~50%). Mold payback ~185k parts at official FX."
JC-27,High rebar chair / tabouret 50-80 mm (slab top mesh),Rebar spacers,Construction,https://hebeichuangke.en.made-in-china.com/product/pOWGvYqcfdUk/China-Concrete-Building-Plastic-Material-Rebar-Chair-Spacer.html,"Quincaillerie wholesalers/e-shops (assly.dz, mabricole.com.dz, jumia.dz sellers); building contractors (unnamed); precast plants: Cosider Canalisations (precast walls, double-T slabs), Trans-Canal Algeria (concrete pipe)",Chinese (Hebei Trico),UNKNOWN,UNKNOWN,UNKNOWN,No buyer-specific pain found in desk search (Ouedkniss/FB/e-shops not fetchable; snippets only).,none_found,UNKNOWN,UNKNOWN,Continuous (slabs),UNKNOWN,UNKNOWN,"UNKNOWN; FOB basic chairs $0.01-0.05, heavy $0.19-1.59",https://www.alibaba.com/showroom/concrete-spacer.html,WEAK SIGNAL,rPP/HDPE,22.0,40,4,101.2,380x380,66.2,Fits 120T confidently,"2-plate, 4 cav",30,9000,9.75,13.12,26,Low,Low,Low,High,Low,Fragmented,Yes (heights),Yes,UNKNOWN (site practice may use bent rebar instead),Bulky; freight protection,WEAK SIGNAL,https://www.alibaba.com/showroom/concrete-spacer.html,2026-10-04,Ask contractors whether they buy plastic chairs or bend rebar,"INVESTIGATE. CALC: clamp=40cm2 x4cav x1.15 x0.3 x1.2=66.2t; shot=22.0g x4 x1.15=101.2g; unit cost = resin 180 DZD/kg (ASSUMPTION) 4.08 + conversion 5.21 (2,000 DZD/h, OEE 80%, ASSUMPTION) +5% pack = 9.75 DZD (excl. mold amortisation). potential = Chinese landed floor x1.15; landed = FOB $0.06/pc x133 x1.10 freight x1.30 DD (DAPS unknown, excluded) = 11.41 DZD. Mold payback ~355k parts at official FX."
JC-28,Continuous linear spacer (barrette distancier 1-2 m),Rebar spacers,Construction,UNKNOWN,"Quincaillerie wholesalers/e-shops (assly.dz, mabricole.com.dz, jumia.dz sellers); building contractors (unnamed); precast plants: Cosider Canalisations (precast walls, double-T slabs), Trans-Canal Algeria (concrete pipe)",EU (Castorama DB50 example),UNKNOWN,UNKNOWN,UNKNOWN,No buyer-specific pain found in desk search (Ouedkniss/FB/e-shops not fetchable; snippets only).,none_found,UNKNOWN,UNKNOWN,UNKNOWN,UNKNOWN,UNKNOWN,UNKNOWN,UNKNOWN,UNKNOWN,PP/fibre-concrete,n/a,n/a,n/a,n/a,n/a,n/a,Requires extrusion,n/a (not injection),n/a,n/a,n/a,n/a,n/a,UNKNOWN,UNKNOWN,UNKNOWN,UNKNOWN,UNKNOWN,UNKNOWN,UNKNOWN,UNKNOWN,UNKNOWN,UNKNOWN,WEAK SIGNAL,https://www.castorama.fr/distancier-a-barrettes-db50-6-x-200-cm/3597545468640_CAFR.prd,2026-10-04,UNKNOWN,KILL: extrusion or fibre-concrete.
JC-29,Precast custom-cover spacer (wheel/clip for pipes & double-T slabs),Rebar spacers,Construction (precast),https://hebeichuangke.en.made-in-china.com/product-group/wojTMLSJngcR/Plastic-Spacer-1.html,"Cosider Canalisations (precast walls, double-T slab moulds); Trans-Canal Algeria (concrete pipe)",UNKNOWN,UNKNOWN,UNKNOWN,UNKNOWN,No buyer-specific pain found in desk search (Ouedkniss/FB/e-shops not fetchable; snippets only). Custom cover is a hypothesis.,none_found,UNKNOWN,UNKNOWN,Continuous per plant,UNKNOWN,UNKNOWN,UNKNOWN (retail spacer anchor 13.6-22.5 DA/pc),https://www.assly.dz/product-category/fixation-mecanique-boulonerie/chevilles-et-cales/cale-a-beton/,WEAK SIGNAL,PP,10.0,35,4,46.0,350x350,58.0,Fits 120T confidently,"2-plate, insert per cover",24,8000,7.62,UNKNOWN,UNKNOWN,Low,Low,Low-Medium,Medium,Low,Concentrated (few plants),Yes,Low per plant,UNKNOWN,Custom dimension quick tooling,WEAK SIGNAL,https://cpi-worldwide.com/journals/artikel/64708 ; https://cpi-worldwide.com/journals/artikel/46313,2026-10-04,"Call Cosider Canalisations & Trans-Canal: what spacers they use for pipes, origin, monthly qty","INVESTIGATE (needs a named buyer). CALC: clamp=35cm2 x4cav x1.15 x0.3 x1.2=58.0t; shot=10.0g x4 x1.15=46.0g; unit cost = resin 300 DZD/kg (ASSUMPTION) 3.09 + conversion 4.17 (2,000 DZD/h, OEE 80%, ASSUMPTION) +5% pack = 7.62 DZD (excl. mold amortisation). No price anchor found; potential price UNKNOWN."
JC-30,Formwork cone for tie-rod spacer tube 22 mm (cône de coffrage),Formwork parts,Construction,https://hebeihualin.en.made-in-china.com/product/WZcEYCmrHakS/China-Plastic-Cone-Tie-Rod-Cone-Formwork-Use-Cone.html,Formwork contractors; Cosider-type general contractors (unnamed); formwork rental firms (unnamed),"Chinese (Hebei Hualin, Hebei Trico); EU (Leviat/Plaka, Dywidag)",UNKNOWN,Imported (ASSUMPTION),UNKNOWN,No buyer-specific pain found in desk search (Ouedkniss/FB/e-shops not fetchable; snippets only).,none_found,UNKNOWN,UNKNOWN,2 per tie point; continuous on wall pours,"FOB MOQ 1,000-10,000",UNKNOWN,UNKNOWN (no Algerian price); FOB $0.02-0.30/pc,https://www.alibaba.com/showroom/plastic-tie-rod-cone.html ; https://hebeihualin.en.made-in-china.com/product/WZcEYCmrHakS/China-Plastic-Cone-Tie-Rod-Cone-Formwork-Use-Cone.html,WEAK SIGNAL (FOB snippet),PP,6.0,8,12,86.4,350x320,39.7,Fits 120T confidently,"2-plate, through-hole core",18,8000,3.04,17.5,83,Low,Low,Low,High,Low,Medium (formwork contractors),Some (tube 20/22/26),Low,UNKNOWN,Local stock; bundle with plugs,WEAK SIGNAL,https://www.alibaba.com/showroom/plastic-tie-rod-cone.html ; https://hebeihualin.en.made-in-china.com/product/WZcEYCmrHakS/China-Plastic-Cone-Tie-Rod-Cone-Formwork-Use-Cone.html,2026-10-04,Ask 3 formwork contractors which tie system they use (Chinese D-cone vs PVC tube+cone) and price,"INVESTIGATE→GO if tube+cone system is common. CALC: clamp=8cm2 x12cav x1.15 x0.3 x1.2=39.7t; shot=6.0g x12 x1.20=86.4g; unit cost = resin 300 DZD/kg (ASSUMPTION) 1.85 + conversion 1.04 (2,000 DZD/h, OEE 80%, ASSUMPTION) +5% pack = 3.04 DZD (excl. mold amortisation). potential = Chinese landed floor x1.15; landed = FOB $0.08/pc x133 x1.10 freight x1.30 DD (DAPS unknown, excluded) = 15.22 DZD. Mold payback ~74k parts at official FX."
JC-31,Tie-rod hole plug / bouchon de fermeture 22 mm (after stripping),Formwork parts,Construction,https://www.plaka-solutions.com/fileadmin/user_upload/catalogue-produit/04.01.09/2.technical-data-sheet/04.01.09_LEVIAT_f_UK_PLASTIC_END_Technical_datasheet_V01_2020-08-12.pdf,Formwork contractors (unnamed),Leviat/Plaka (EU); Chinese,UNKNOWN (holes often filled with mortar),UNKNOWN,UNKNOWN,No buyer-specific pain found in desk search (Ouedkniss/FB/e-shops not fetchable; snippets only).,none_found,UNKNOWN,UNKNOWN,1 per tie hole,UNKNOWN,UNKNOWN,UNKNOWN,https://www.alibaba.com/showroom/plastic-tie-rod-cone.html,ASSUMPTION (FOB assumed $0.02),PP,2.5,4,24,75.0,350x320,39.7,Fits 120T confidently,"2-plate, 24 cav",14,7000,1.24,4.37,72,Low,Low,Low,High,Low,Medium,No,Low,UNKNOWN,Bundle with JC-30,ASSUMPTION,UNKNOWN,2026-10-04,As JC-30; check whether plugging is practised,"INVESTIGATE; demand may not exist if mortar fill is the norm. CALC: clamp=4cm2 x24cav x1.15 x0.3 x1.2=39.7t; shot=2.5g x24 x1.25=75.0g; unit cost = resin 300 DZD/kg (ASSUMPTION) 0.77 + conversion 0.41 (2,000 DZD/h, OEE 80%, ASSUMPTION) +5% pack = 1.24 DZD (excl. mold amortisation). potential = Chinese landed floor x1.15; landed = FOB $0.02/pc x133 x1.10 freight x1.30 DD (DAPS unknown, excluded) = 3.80 DZD. Mold payback ~297k parts at official FX."
JC-32,PVC spacer tube for tie rods (gaine 22 mm),Formwork parts,Construction,UNKNOWN,Formwork contractors,Local PVC pipe extruders (ASSUMPTION),UNKNOWN,UNKNOWN,UNKNOWN,No buyer-specific pain found in desk search (Ouedkniss/FB/e-shops not fetchable; snippets only).,none_found,UNKNOWN,UNKNOWN,UNKNOWN,UNKNOWN,UNKNOWN,UNKNOWN,UNKNOWN,UNKNOWN,PVC,n/a,n/a,n/a,n/a,n/a,n/a,Requires extrusion,n/a (not injection),n/a,n/a,n/a,n/a,n/a,UNKNOWN,UNKNOWN,UNKNOWN,UNKNOWN,UNKNOWN,UNKNOWN,UNKNOWN,UNKNOWN,UNKNOWN,UNKNOWN,WEAK SIGNAL,https://hebeichuangke.en.made-in-china.com/product/NEGpZyDvLSWH/,2026-10-04,UNKNOWN,KILL: extrusion.
JC-33,Tile spacers / croisillons 2-5 mm,Tile tools,Construction (finishing),https://www.assly.dz/product-category/fixation-mecanique-boulonerie/chevilles-et-cales/croisillon-faience/,"Tilers, quincailleries, DIY retail",assly.dz retail (brand UNKNOWN); 'Croisillon Nevada' brand (origin UNKNOWN); Chinese,Retail,UNKNOWN,UNKNOWN,No buyer-specific pain found in desk search (Ouedkniss/FB/e-shops not fetchable; snippets only).,none_found,UNKNOWN,UNKNOWN,Continuous,Retail 200 pcs bag,UNKNOWN,"0.5 DA/pc (2.5 mm, 200 pcs = 100 DA); 'Nevada' 20 pcs/bag 500 DA (item unclear)",https://www.assly.dz/product-category/fixation-mecanique-boulonerie/chevilles-et-cales/croisillon-faience/,"VERIFIED (snippet), item attribution uncertain",rPP/HDPE,0.3,1.2,128,53.8,400x400,95.4,Fits 120T confidently,"2-plate, 128 cav, hot sprue recommended",12,12000,0.13,0.25,48,Low,Low,Low,High,Low,Fragmented,No,Medium (sizes),UNKNOWN,None beyond price,WEAK SIGNAL,https://www.assly.dz/product-category/fixation-mecanique-boulonerie/chevilles-et-cales/croisillon-faience/,2026-10-04,Only if a wholesaler asks,"KILL: retail 0.5 DA/pc leaves no room vs unit cost; extreme cavitation. CALC: clamp=1.2cm2 x128cav x1.15 x0.45 x1.2=95.4t; shot=0.3g x128 x1.40=53.8g; unit cost = resin 180 DZD/kg (ASSUMPTION) 0.06 + conversion 0.07 (2,000 DZD/h, OEE 80%, ASSUMPTION) +5% pack = 0.13 DZD (excl. mold amortisation). potential = 50% of observed retail per piece (ASSUMPTION: distributor+retailer take ~50%). Mold payback ~13300k parts at official FX."
JC-34,"Tile levelling clips (consumable) for 3-12 mm tiles, 1-3 mm joint",Tile tools,Construction (finishing),https://mabricole.com.dz/autre-outils/systeme-de-nivellement-de-faience-et-carrelage-kit-nivelleur-2mm-100-pcs-3457,"Tilers, quincailleries, e-shops (mabricole, jumia sellers)",mabricole.com.dz (brand UNKNOWN); Chinese makers (Ningbo; Jiangxi Taurus),Retail imports (ASSUMPTION),Imported (ASSUMPTION),CN (ASSUMPTION),No buyer-specific pain found in desk search (Ouedkniss/FB/e-shops not fetchable; snippets only).,none_found,UNKNOWN,UNKNOWN,Continuous; single-use; ~10-30 clips per m2 large tiles (ASSUMPTION),"FOB MOQ 100-1,000 bags",UNKNOWN,"7.8 DA/pc (kit 2 mm 100 pcs = 780 DA); full kit with pliers 4,890 DA; FOB $0.55-1.10 per bag of 100",https://mabricole.com.dz/autre-outils/systeme-de-nivellement-de-faience-et-carrelage-kit-nivelleur-2mm-100-pcs-3457 ; https://www.jumia.dz/kit-systeme-nivellement-calle-consomable-pince-jaune-sans-marque-mpg12403.html ; https://ykhaomai.en.made-in-china.com/product/AdhfRrCbstGp/China-Plastic-Tile-Leveling-System-Clips-and-Wedges-Ceramic-Tile-Leveling-Install-Tools-Tile-Leveling-System-Spacer.html,VERIFIED (snippet),PP,3.0,5,16,60.0,380x350,33.1,Fits 120T confidently,"2-plate, thin breakaway neck (critical)",14,9000,1.61,3.9,59,Low,Low,Medium (break-off force consistency),High,Low,Fragmented,No,Low (1/1.5/2/3 mm),UNKNOWN,"Large-format porcelain trend (ASSUMPTION); local stock; bulk bags of 500-1,000 for pros",STRONG SIGNAL (price),https://mabricole.com.dz/autre-outils/systeme-de-nivellement-de-faience-et-carrelage-kit-nivelleur-2mm-100-pcs-3457 ; https://www.jumia.dz/kit-systeme-nivellement-calle-consomable-pince-jaune-sans-marque-mpg12403.html ; https://ykhaomai.en.made-in-china.com/product/AdhfRrCbstGp/China-Plastic-Tile-Leveling-System-Clips-and-Wedges-Ceramic-Tile-Leveling-Install-Tools-Tile-Leveling-System-Spacer.html,2026-10-04,"Ask 3 tile shops/wholesalers: monthly clips sold, origin, wholesale price per 1,000","GO-candidate (wide retail-to-FOB gap: 7.8 DA vs ~1.5 DA landed). CALC: clamp=5cm2 x16cav x1.15 x0.3 x1.2=33.1t; shot=3.0g x16 x1.25=60.0g; unit cost = resin 300 DZD/kg (ASSUMPTION) 0.93 + conversion 0.61 (2,000 DZD/h, OEE 80%, ASSUMPTION) +5% pack = 1.61 DZD (excl. mold amortisation). potential = 50% of observed retail per piece (ASSUMPTION: distributor+retailer take ~50%). Mold payback ~523k parts at official FX."
JC-35,Tile levelling reusable wedges (cales réutilisables),Tile tools,Construction (finishing),https://mabricole.com.dz/fr/autre-outils/cales-reutilisables-en-plastique-100-pcs-pour-systeme-de-nivellement-de-faience-et-carrelage-3458,"Tilers, quincailleries",mabricole.com.dz (brand UNKNOWN); Chinese,Retail imports (ASSUMPTION),Imported (ASSUMPTION),CN (ASSUMPTION),No buyer-specific pain found in desk search (Ouedkniss/FB/e-shops not fetchable; snippets only).,none_found,UNKNOWN,UNKNOWN,Reusable → lower frequency,UNKNOWN,UNKNOWN,"6.8-11 DA/pc (100 pcs 680 DA / 1,100 DA)",https://mabricole.com.dz/fr/autre-outils/cales-reutilisables-en-plastique-100-pcs-pour-systeme-de-nivellement-de-faience-et-carrelage-3458,VERIFIED (snippet),PP,9.0,12,8,86.4,350x320,39.7,Fits 120T confidently,"2-plate, 8 cav",20,8000,4.74,3.4,-39,Low,Low,Low,High,Low,Fragmented,No,Low,UNKNOWN,Sell as kit with JC-34,STRONG SIGNAL (price),https://mabricole.com.dz/fr/autre-outils/cales-reutilisables-en-plastique-100-pcs-pour-systeme-de-nivellement-de-faience-et-carrelage-3458,2026-10-04,As JC-34,"GO as companion SKU to JC-34. CALC: clamp=12cm2 x8cav x1.15 x0.3 x1.2=39.7t; shot=9.0g x8 x1.20=86.4g; unit cost = resin 300 DZD/kg (ASSUMPTION) 2.78 + conversion 1.74 (2,000 DZD/h, OEE 80%, ASSUMPTION) +5% pack = 4.74 DZD (excl. mold amortisation). potential = 50% of observed retail per piece (ASSUMPTION: distributor+retailer take ~50%)."
JC-36,Pipe clip / collier atlas Ø12-40 mm (PVC/PER/multilayer pipe),Pipe clamps,Construction (plumbing/electrical),https://www.assly.dz/product-category/fixation-mecanique-boulonerie/les-collier/collier-de-serrage/,"Plumbers, electricians, quincailleries",assly.dz retail (brand UNKNOWN),Retail,UNKNOWN,UNKNOWN,No buyer-specific pain found in desk search (Ouedkniss/FB/e-shops not fetchable; snippets only).,none_found,UNKNOWN,UNKNOWN,Continuous,Retail 100 pcs,UNKNOWN,"10.2 DA/pc ('collier atlas d.12', 100 pcs = 1,021 DA; item type uncertain)",https://www.assly.dz/product-category/fixation-mecanique-boulonerie/les-collier/collier-de-serrage/,WEAK SIGNAL (item identity uncertain),PP,3.0,4,16,60.0,350x320,26.5,Fits 120T confidently,"2-plate, 16 cav family by diameter",14,8000,1.61,5.1,68,Low,Low,Low-Medium (snap retention),High,Low,Fragmented,No,Yes (diameters),UNKNOWN (electrical-accessory molders may already make them),UNKNOWN,WEAK SIGNAL,https://www.assly.dz/product-category/fixation-mecanique-boulonerie/les-collier/collier-de-serrage/,2026-10-04,Coordinate with electrical researcher (conduit clips); check HAOUAS-type local molders,"INVESTIGATE. CALC: clamp=4cm2 x16cav x1.15 x0.3 x1.2=26.5t; shot=3.0g x16 x1.25=60.0g; unit cost = resin 300 DZD/kg (ASSUMPTION) 0.93 + conversion 0.61 (2,000 DZD/h, OEE 80%, ASSUMPTION) +5% pack = 1.61 DZD (excl. mold amortisation). potential = 50% of observed retail per piece (ASSUMPTION: distributor+retailer take ~50%). Mold payback ~305k parts at official FX."
JC-37,Plasterboard self-drilling nylon anchor (cheville placo autoforeuse),Drywall accessories,Construction (drywall),UNKNOWN,"Drywall installers, quincailleries","UNKNOWN (EU brands, Chinese)",UNKNOWN,Imported (ASSUMPTION),UNKNOWN,No buyer-specific pain found in desk search (Ouedkniss/FB/e-shops not fetchable; snippets only).,none_found,UNKNOWN,UNKNOWN,Continuous,UNKNOWN,UNKNOWN,UNKNOWN,UNKNOWN,UNKNOWN,PA6,3.0,3,8,30.0,320x300,16.6,Borderline 120T,Unscrewing mold (threads) → complex,25,15000,4.55,UNKNOWN,UNKNOWN,Medium,Low,"High (pull-out, drilling tip)",Medium,Medium,Fragmented,No,Low,UNKNOWN,UNKNOWN,ASSUMPTION,UNKNOWN,2026-10-04,Low priority,"KILL for start: unscrewing tool, PA moisture handling. CALC: clamp=3cm2 x8cav x1.15 x0.5 x1.2=16.6t; shot=3.0g x8 x1.25=30.0g; unit cost = resin 700 DZD/kg (ASSUMPTION) 2.16 + conversion 2.17 (2,000 DZD/h, OEE 80%, ASSUMPTION) +5% pack = 4.55 DZD (excl. mold amortisation). No price anchor found; potential price UNKNOWN. Shot 30.0 g is below the 45 g practical minimum of a 120T barrel: needs smaller screw option or more cavities; residence-time risk."
JC-38,Insulation fixing with plate (rosace / cheville isolant ETICS),Drywall/insulation accessories,Construction (insulation),UNKNOWN,Insulation/ETICS contractors (unnamed),UNKNOWN,UNKNOWN,UNKNOWN,UNKNOWN,No buyer-specific pain found in desk search (Ouedkniss/FB/e-shops not fetchable; snippets only).,none_found,UNKNOWN,UNKNOWN,UNKNOWN (ETICS adoption in Algeria unverified),UNKNOWN,UNKNOWN,UNKNOWN,UNKNOWN,UNKNOWN,PP,8.0,30,4,36.8,350x320,49.7,Borderline 120T,"2-plate, long core",22,9000,6.61,UNKNOWN,UNKNOWN,Low,Medium (ETICS approvals),Medium,High,Low,UNKNOWN,Yes (lengths),Yes,UNKNOWN,UNKNOWN,ASSUMPTION,UNKNOWN,2026-10-04,Check APRUE thermal-insulation programmes for ETICS volume,"INVESTIGATE (low). CALC: clamp=30cm2 x4cav x1.15 x0.3 x1.2=49.7t; shot=8.0g x4 x1.15=36.8g; unit cost = resin 300 DZD/kg (ASSUMPTION) 2.47 + conversion 3.82 (2,000 DZD/h, OEE 80%, ASSUMPTION) +5% pack = 6.61 DZD (excl. mold amortisation). No price anchor found; potential price UNKNOWN. Shot 36.8 g is below the 45 g practical minimum of a 120T barrel: needs smaller screw option or more cavities; residence-time risk."
JC-39,Precast lifting-anchor recess former / bouchon de réservation,Precast accessories,Construction (precast),UNKNOWN,Cosider Canalisations; Trans-Canal Algeria; other precast plants (unnamed),"UNKNOWN (often rubber, reusable)",UNKNOWN,UNKNOWN,UNKNOWN,No buyer-specific pain found in desk search (Ouedkniss/FB/e-shops not fetchable; snippets only).,none_found,UNKNOWN,UNKNOWN,Per precast element (if disposable),UNKNOWN,UNKNOWN,UNKNOWN,UNKNOWN,UNKNOWN,PP,15.0,25,4,69.0,350x320,41.4,Fits 120T confidently,2-plate,24,9000,9.24,UNKNOWN,UNKNOWN,Low,Low,Low,Medium,Medium (anchor system),Concentrated,Yes,Low,UNKNOWN,Custom to plant's anchor system,ASSUMPTION,https://cpi-worldwide.com/journals/artikel/64708 ; https://cpi-worldwide.com/journals/artikel/46313,2026-10-04,Include in Cosider/Trans-Canal call,"INVESTIGATE (only via plant interview). CALC: clamp=25cm2 x4cav x1.15 x0.3 x1.2=41.4t; shot=15.0g x4 x1.15=69.0g; unit cost = resin 300 DZD/kg (ASSUMPTION) 4.63 + conversion 4.17 (2,000 DZD/h, OEE 80%, ASSUMPTION) +5% pack = 9.24 DZD (excl. mold amortisation). No price anchor found; potential price UNKNOWN."
JC-40,Mesh/rebar clip-on spacer for welded mesh (cale treillis 'étoile'),Rebar spacers,Construction,https://hebeichuangke.en.made-in-china.com/product-group/wojTMLSJngcR/Plastic-Spacer-1.html,"Quincaillerie wholesalers/e-shops (assly.dz, mabricole.com.dz, jumia.dz sellers); building contractors (unnamed); precast plants: Cosider Canalisations (precast walls, double-T slabs), Trans-Canal Algeria (concrete pipe)",Chinese; retail UNKNOWN,UNKNOWN,UNKNOWN,UNKNOWN,No buyer-specific pain found in desk search (Ouedkniss/FB/e-shops not fetchable; snippets only).,none_found,UNKNOWN,UNKNOWN,"Continuous (slab-on-grade, precast)",UNKNOWN,UNKNOWN,UNKNOWN; anchor = round spacer 13.6 DA/pc retail,https://www.assly.dz/product-category/fixation-mecanique-boulonerie/chevilles-et-cales/cale-a-beton/,ASSUMPTION (proxy price),rPP/HDPE,5.0,18,12,72.0,380x350,89.4,Fits 120T confidently,"2-plate, 12 cav",18,7000,2.07,6.8,70,Low,Low,Low,High,Low,Fragmented,Some,Medium,UNKNOWN,Family tool with JC-24/25,WEAK SIGNAL,https://www.assly.dz/product-category/fixation-mecanique-boulonerie/chevilles-et-cales/cale-a-beton/,2026-10-04,As JC-24,"INVESTIGATE as 3rd spacer SKU. CALC: clamp=18cm2 x12cav x1.15 x0.3 x1.2=89.4t; shot=5.0g x12 x1.20=72.0g; unit cost = resin 180 DZD/kg (ASSUMPTION) 0.93 + conversion 1.04 (2,000 DZD/h, OEE 80%, ASSUMPTION) +5% pack = 2.07 DZD (excl. mold amortisation). potential = 50% of observed retail per piece (ASSUMPTION: distributor+retailer take ~50%). Mold payback ~197k parts at official FX."
