date_of_evidence,signal_type,original_tag,product_or_topic,summary,source_type,source_url,language,confidence,implication,source_file
2026-09-25,Regulatory signal,regulatory,Automotive plastic parts,PM announced that from 1 Jan 2027 automotive plastic parts that can be made locally (by GPI Tissemsilt) will no longer be imported.,news,https://observalgerie.com/2026/09/25/economie/lalgerie-annonce-la-fin-de-limportation-des-pieces-plastiques-pour-voitures/,fr,VERIFIED,Creates captive local demand but it is pre-assigned to a state molder (GPI). Small private molder should not fight GPI head-on; look for Tier-2 parts GPI does not cover.,phase1_buyers_signals.csv
2026-09-24,Competitor signal,competitor,Plastic injection (auto + appliances + cable industry),"GPI (Holding ACS) inaugurated in Khemisti, Tissemsilt: 251,000 parts/yr for ~200,000 vehicles; 40% integration rising to 70%; scope also lists appliances, fridges, ACs, cable-industry components, medical, packaging, household goods, road signs; 300 direct jobs.",news,https://www.algerie360.com/gpi-tissemsilt-pieces-plastiques-industrie-auto/,fr,VERIFIED,"A state competitor now explicitly targets appliance and cable-industry parts too, so check GPI's catalogue before quoting Condor/ENICAB-type buyers.",phase1_buyers_signals.csv
2026-04-29,Regulatory signal,regulatory,Automotive localisation,PM Sifi Ghrieb launched the GPI project; Horizons frames it as acceleration of auto industry relaunch.,news,https://www.horizons.dz/2026/04/sifi-ghrieb-a-tissemsilt-la-relance-de-lindustrie-automobile-saccelere/,fr,VERIFIED,Policy momentum for local plastics in vehicles; also a signal that the state prefers public champions.,phase1_buyers_signals.csv
n/d,Regulatory signal,regulatory,Industrial subcontracting,Minister Rekkache stressed developing industrial subcontracting to raise local integration rates.,news,https://news.radioalgerie.dz/fr/node/79508,fr,STRONG SIGNAL,Integration-rate pressure on OEMs is the main lever to open purchasing doors.,phase1_buyers_signals.csv
2024-11-21,Demand signal,demand,"Appliances (heaters, ACs)","ENIEM signed Turkish (heaters, >60% integration by June 2025) and Chinese (ACs, CKD order for 30,000 units) partnerships; target 80% integration in 2025.",news,https://www.algerie-eco.com/2024/11/21/leniem-a-signe-des-accords-avec-deux-entreprises-chinoise-et-turque/,fr,VERIFIED,"Integration targets imply need for local plastic sub-parts (heater housings, knobs, AC parts).",phase1_buyers_signals.csv
2024-11-21,Pain signal,pain,Imported CKD kits / logistics,ENIEM AC production start postponed from Aug to Dec 2024 because of administrative and logistics delays (Red Sea).,news,https://algerie-eco.com/?p=205466,fr,VERIFIED,Import-lead-time pain at an OEM; local short-lead supply has value.,phase1_buyers_signals.csv
2020-2024,Pain signal,pain,Raw materials / supplier payment,"ENIEM stopped production (technical stop, ~2020-21; 1,700 staff sent on leave) due to raw-material stockouts in all workshops and lack of bank credit for supplies; full stop in 2023, wages unpaid Oct 2023–Jan 2024; debt ~5 bn DA.",news,https://algerie-eco.com/?p=115716,fr,VERIFIED,Real pain but HIGH payment risk – require advance/cash terms with ENIEM.,phase1_buyers_signals.csv
2025-10-16,Demand signal,demand,ENIEM revival,Minister Ali Aoun affirmed commitment to ENIEM revival during Tizi Ouzou visit.,news,https://www.dzair-tube.dz/en/minister-ali-aoun-affirms-commitment-to-eniems-revival-during-tizi-ouzou-visit,en,STRONG SIGNAL,Possible restart orders; monitor.,phase1_buyers_signals.csv
2023-2024,Demand signal,demand,"Refrigerators, ACs","Géant Electronics adds two units (ACs, fridges) in BBA next to six existing; fridge integration 70%; exports Mauritania/Tunisia, Senegal planned.",news,https://www.dzair-tube.dz/en/geant-electronics-expands-production-with-two-new-units-for-air-conditioners-and-refrigerators-in-january,en,STRONG SIGNAL,BBA appliance cluster growing; target purchasing for small parts.,phase1_buyers_signals.csv
2025 (announced),Demand signal,demand,Air conditioners,"Condor–Hisense AC complex in BBA: 2M units/yr, 80% export, USD 200M, start expected early 2026.",news,https://algerie-eco.com/?p=211059,fr,STRONG SIGNAL,"Very large volumes of AC sub-parts; likely captive/Chinese supply chain, but secondary supplier slots possible.",phase1_buyers_signals.csv
n/d,Demand signal,demand,Samsung appliances,"Samha (Guedjel, Sétif) ~4,000 staff, 5M units/yr capacity; AC integration target only 30–40%.",news,https://algerie-eco.com/?p=183402,fr,STRONG SIGNAL,Low integration = many imported plastic parts; potential localisation buyer.,phase1_buyers_signals.csv
2023-2024,Demand signal,demand,Samsung ACs,Samsung Electronics Algeria planned a new AC unit in Sétif in 2024 with partner Sinova (CKD/SKD).,news,https://news.radioalgerie.dz/fr/node/37607,fr,STRONG SIGNAL,Sétif HVAC assembly cluster = target geography.,phase1_buyers_signals.csv
2026-07-14,Competitor signal,competitor,Appliance plastics (captive),Condor integration 45–100% by line; fridge '100% algérien' incl. compressor.,news,https://algerie-eco.com/2026/07/14/condor-present-sur-18-marches-et-realise-50-des-exportations-algeriennes-en-electromenager/,fr,VERIFIED,Condor molds in-house; sell overflow/specialty parts only.,phase1_buyers_signals.csv
2023-12-24,Competitor signal,competitor,Appliance plastics (captive),Brandt (Cevital) makes most of its own plastic and metal parts and PCBs.,news,https://www.algerie-eco.com/2023/12/24/les-fabricants-delectromenagers-creent-une-veritable-base-industrielle-avec-des-matieres-premieres-locales/,fr,VERIFIED,Large OEMs are weak targets for standard parts.,phase1_buyers_signals.csv
n/d,Buyer behavior signal,buyer behavior,Appliances (import-led),Raylan (Annaba) described as import-export of Hitachi/Electrolux appliances.,directory,https://www.arounddeal.com/c/raylan-algrie/v2hrycjcxa,en,WEAK SIGNAL,Not a component buyer today.,phase1_buyers_signals.csv
2025-07,Demand signal,demand,PVC doors/windows,"Izdihar PVC (Tiaret, Zaaroura) inaugurated: 117,000 units/yr, 712 MDA, claimed 85% integration; a metallic-hardware (quincaillerie) plant opened the same day.",news,https://lanouvelletribune.info/2025/07/maghreb-un-pays-mise-sur-des-usines-pour-tourner-la-page-des-importations-de-pvc/,fr,STRONG SIGNAL,"New PVC window makers need packers, end caps, drainage caps; a local metal-hardware maker may want plastic sub-parts.",phase1_buyers_signals.csv
n/d,Demand signal,demand,PVC windows,"Oxxo (Cevital, Aïn Taghrout BBA): 2.1M windows/yr, 23 KraussMaffei extruders, 19 profile lines, ~3,000 staff.",company site,https://www.cevital.com/oxxo-increased-its-production-capacity-of-profiles-for-the-window-plant/,en,STRONG SIGNAL,Largest single joinery buyer; probably system hardware from abroad – test for glazing packers/caps.,phase1_buyers_signals.csv
"n/d (historical, ~2018)",Regulatory signal,regulatory,Joinery import list,"When 851 products were suspended from import, finished aluminium joinery was removed from the list at the last minute while PVC joinery stayed banned; operators questioned the asymmetry.",news,https://algerie-eco.com/?p=25944,fr,STRONG SIGNAL,Import policy for joinery shifts; local PVC joinery has been protected – supports local accessory demand.,phase1_buyers_signals.csv
n/d,Pain signal,pain,Aluminium joinery inputs,Report that raw materials for aluminium joinery are taxed more heavily than imported finished products.,news (tag page),https://algerie-eco.com/tag/menuiserie/,fr,WEAK SIGNAL,Tariff inversion hurts local joiners; check current duty on accessories vs finished windows.,phase1_buyers_signals.csv
2026-10 (live listing),Price signal,price,Aluminium/PVC joinery accessories,"Leader Aluminium (Hammedi, Boumerdès) Ouedkniss store lists accessories (brands cited Dubral, Alupha), PVC profiles, EPDM joints; visible prices include 695 DA and 5,950 DA (items not identifiable).",marketplace,https://www.ouedkniss.com/store/14372/leader-aluminium/accueil?lang=fr,fr,WEAK SIGNAL,Accessory distributors are active on Ouedkniss; field visit needed to capture unit prices and origin.,phase1_buyers_signals.csv
2019,Competitor signal,competitor,Aluminium joinery accessories,Master Italy (Italian accessory maker since 1986) exhibited at Batimatec; distributes in North Africa for 20+ years.,company PR,https://www.masteritaly.com/wp-content/uploads/2019/03/Communiqué-de-presse_FR_Batimatec.pdf,fr,VERIFIED,Branded imported systems are the incumbent; local supplier must compete on generic/consumable parts.,phase1_buyers_signals.csv
2026-05,Technology signal,technology,PVC profile extrusion,Turkish extrusion-line maker Maxtruder promoted participation at Batimatec 2026 (3–7 May).,company news,https://maxtruder.com/en/news/details/113-03-05-2026-batimatec-expo-algeria,en,WEAK SIGNAL,Equipment vendors see PVC profile investment in Algeria; more profile makers = more accessory buyers.,phase1_buyers_signals.csv
2025-06,Demand signal,demand,Joinery materials tender,OTA (Optimum Télécom Algérie) tender for wood/metal/aluminium joinery materials and glazing.,tender,https://www.dztenders.com/en/archive/460131/fourniture-de-materiaux-de-menuiserie-bois-metallique-aluminium-et-vitrage,en,WEAK SIGNAL,Corporate tenders sustain installer demand.,phase1_buyers_signals.csv
n/d,Buyer behavior signal,buyer behavior,Aluminium joinery labour,Procamp advertises aluminium joiner jobs in energy/mining category on Emploitic.,job board,https://emploitic.com/entreprises/procamp/offres-d-emploi/energie-mines-matiere-premiere/menuisier-aluminium-e07dde42915a959315c1c13d,fr,WEAK SIGNAL,In-house joinery shops at contractors are additional accessory buyers.,phase1_buyers_signals.csv
2026 (approx.),Demand signal,demand,Ready-mix concrete,Holcim El-Djazaïr launches concrete (béton) activity.,news headline,https://algerie-eco.com/?p=239450,fr,WEAK SIGNAL,More structured concrete supply chain; rebar spacers sold to contractors not to Holcim itself.,phase1_buyers_signals.csv
2019,Demand signal,demand,Precast concrete,Cosider Canalisations added a precast boundary-wall line and double-T slab moulds.,trade journal,https://cpi-worldwide.com/journals/artikel/64708,en,STRONG SIGNAL,Precast plants are direct buyers of spacers and cast-in plastic inserts.,phase1_buyers_signals.csv
2026-10 (prior notes),Price signal,price,Rebar spacers,"Algerian e-shop retail: vertical spacer 150 pcs 840 DA (~5.6 DA/pc); round 30/8-14 1,000 pcs 13,600 DA; horizontal 40-8/24 600 pcs 13,500 DA (~22.5 DA/pc).",e-shop,https://mabricole.com.dz,fr,STRONG SIGNAL,Retail price is several times the resin cost; bulky item = freight-protected; good GO candidate (see prior note cost_inputs_market_prices.md for exact URLs).,phase1_buyers_signals.csv
2026-10 (prior notes),Price signal,price,Cable ties,Pack of 100 OZTURK (Turkish) 7x200 cable ties 450 DZD retail.,e-shop,https://mabricole.com.dz/fr/fixation/jeu-de-colliers-de-serrage-en-plastique-100-200mm-250pcs-onsite-1845,fr,VERIFIED,"Turkish imports dominate shelf; commodity, low-weight = weak local edge.",phase1_buyers_signals.csv
2026-10 (prior notes),Competitor signal,competitor,Electrical boxes,Local brand HAOUAS boxes sold next to Spanish FAMATEL on Algerian e-shops.,e-shop,https://mabricole.com.dz,fr,WEAK SIGNAL,Electrical boxes already locally molded – compete only with differentiation.,phase1_buyers_signals.csv
n/d,Competitor signal,competitor,Drip tape / driplines,Aster (Italy) and Caudal (Spain) list Algeria among trading markets.,trade fair exhibitor profile,https://www.greentech.nl/amsterdam/exhibitors/aster-s-r-l,en,STRONG SIGNAL,Imported branded driplines/fittings are the incumbent; local fittings must match on fit and price.,phase1_buyers_signals.csv
n/d (since 2014),Competitor signal,competitor,Drip tape,"An Algiers-based producer offers drip tape (1,500 m and 3,050 m rolls, 10/20 cm spacing), operating since April 2014 (~5,000 rolls).",marketplace,https://www.espaceagro.com/gaine-goutte-a-goutte/expGB-gaine-goutte-a-goutte.html,fr,WEAK SIGNAL,"Local tape extruders exist → they need start connectors, couplings, end plugs: these are the B2B buyers.",phase1_buyers_signals.csv
n/d,Buyer behavior signal,buyer behavior,Irrigation channel structure,"Kompass irrigation listings in Algeria are mostly distributors of PE tubes/rubber hoses (Irrinet Boufarik, Irriplast Bordj Menaïel, AITECH, Tupol) with few declared fitting makers (Anabib, Medi Goutte, SIFAT hoses).",directory,https://dz.kompass.com/a/materiel-d-irrigation-et-d-arrosage/48140/,fr,STRONG SIGNAL,Channel = distributors in Mitidja/Sétif/Boumerdès; private-label fittings is the entry model.,phase1_buyers_signals.csv
2026-05-18,Demand signal,demand,Agri/irrigation fair,"SIPSA-Filaha 2026: 850 exhibitors from 40 countries, ~250 international brands, >40,000 visitors expected; mechanisation and agri-tech themes.",news,https://news.radioalgerie.dz/fr/node/86446,fr,VERIFIED,Next edition (May 2027) is the main place to meet irrigation buyers.,phase1_buyers_signals.csv
2024-05,Demand signal,demand,Irrigation pivots,AGM started producing the first Algerian-developed centre pivot.,news,https://news.radioalgerie.dz/fr/node/45427,fr,VERIFIED,"Local pivot makers need nozzle bodies, cable clips, caps.",phase1_buyers_signals.csv
2026-05,Demand signal,demand,Construction fair,"Batimatec 2026 (3–7 May, Algiers) with exhibitors from ~15 countries and 40 start-ups.",news,https://algerie-eco.com/?p=239715,fr,VERIFIED,Exhibitor catalogue = joinery/construction target list; next edition ~May 2027.,phase1_buyers_signals.csv
n/d,Pain signal,pain,Furniture production,"Local furniture gaining vs imports judged less robust, but sector handicapped by manual work and old machinery.",news,https://www.algerie360.com/le-meuble-local-a-la-conquete-dun-marche-domine-par-la-concurrence-etrangere-une-activite-florissante/,fr,STRONG SIGNAL,"Furniture SMEs grow but are low-tech: they buy small plastic hardware off the shelf (glides, caps) – distributor channel matters.",phase1_buyers_signals.csv
n/d,Demand signal,demand,School/admin furniture,"Divindus AMM (Bab Ezzouar) does series furniture for administrations, local authorities and educational institutions.",directory,https://dz.kompass.com/a/mobilier-de-bureau/15320/,fr,STRONG SIGNAL,"Tender-driven volumes of chair tips, glides, end caps; good repeat B2B.",phase1_buyers_signals.csv
n/d,Buyer behavior signal,buyer behavior,Furniture hardware channel,MAM (Manufacture Algérienne du Meuble) is Blum's representative in Algeria.,company site,https://mam-algeria.com/societe/,fr,STRONG SIGNAL,Premium hinges/runners are imported via reps; local maker can supply complementary plastic parts.,phase1_buyers_signals.csv
2025-08-10,Buyer behavior signal,buyer behavior,Solar modules,Algeria imported 850 MW of Chinese panels in H1 2025.,news,https://algerie-eco.com/2025/08/10/algerie-850-mw-de-panneaux-solaires-chinois-importes-au-premier-semestre-2025/,fr,VERIFIED,"Module plastics (junction boxes, corner protectors) arrive embedded in imports; local module makers are few and small.",phase1_buyers_signals.csv
2025-06-13,Demand signal,demand,Cables,"ENICAB ~20,000 t/yr copper cable; 2,000 t/yr rail cable; export plans.",news,https://www.dzair-tube.dz/en/enicab-boosts-rail-sector-with-2000-tons-of-annual-cable-production-eyes-regional-export-expansion,en,VERIFIED,Cable makers need end caps/reel parts – low complexity.,phase1_buyers_signals.csv
n/d,Demand signal,demand,Electric motors,Cevital partners with a Brazilian group to make electric motors in Algeria (headline).,news headline,https://www.tsa-algerie.com/cevital-sassocie-avec-un-groupe-bresilien-pour-produire-des-moteurs-electriques-en-algerie/,fr,WEAK SIGNAL,Future buyer of fan covers/terminal boxes.,phase1_buyers_signals.csv
n/d,Pain signal,pain,Oil & gas thread protectors,No Algerian source found for local thread-protector supply or shortages; searches returned only patents.,search result,,fr,UNKNOWN,Oil & gas protector demand remains unverified – INVESTIGATE via pipe mills.,phase1_buyers_signals.csv
n/d,Pain signal,pain,Ouedkniss/Facebook part shortages,"Searches for 'pièces de rechange plastique introuvable', MOQ or customs pain on Ouedkniss/Facebook returned no Algerian results; pages unreachable.",method note,,fr,UNKNOWN,Pain signals must be collected by phone/visit interviews.,phase1_buyers_signals.csv
2025-01-25,Demand signal,demand,cosmetics import substitution,Cosmetics/perfume/body-care import bill fell to USD 58M in 2024 from >USD 500M previously; local industry covers ~70% of cosmetic needs.,press (Algérie Eco / APS relay),https://algerie-eco.com/2025/01/25/produits-cosmetiques-et-parfums-la-facture-dimportation-reduite-de-442-millions-de-dollars-en-2024/,fr,VERIFIED,Finished-goods imports replaced by local filling => step-change in local demand for bottles and closures since 2023-24; closures not covered by the finished-goods ban remain importable inputs.,phase1_personalcare_signals.csv
2026-01-21,Regulatory signal,regulatory,cosmetics import policy,Minister Rezig at Cosmetica North Africa: Algeria has reached self-sufficiency in cosmetics; imports of some cosmetic/hygiene products stopped; remaining challenge = local raw materials.,"press (Algérie Eco, TSA, Algérie360)",https://algerie-eco.com/2026/01/23/rezig-lalgerie-a-atteint-lautosuffisance-en-matiere-de-produits-cosmetiques/,fr,VERIFIED,"Policy now targets upstream inputs (raw materials, packaging) = tailwind for a local closure maker; check whether closure imports face licensing/'rationalisation'.",phase1_personalcare_signals.csv
2026-01-21,Regulatory signal,regulatory,cosmetics packaging inputs,Same event: minister urged producers to work with local steelmakers on laminates/steel sheet for packaging (aerosol/metal) - packaging localisation is on the official agenda.,press (search snippet),https://algerie-eco.com/?p=234603,fr,STRONG SIGNAL,Packaging localisation is politically supported; plastic closures are an easier win than metal - possible ANDI/incentive narrative.,phase1_personalcare_signals.csv
2025 (approx),Regulatory signal,regulatory,import rationalisation,Algeria has not fully banned cosmetics imports but 'rationalises' them to favour local production; decision divides consumers.,press (Maghreb Emergent),https://maghrebemergent.news/fr/265102-2/,fr,STRONG SIGNAL,Import friction on finished goods; need to confirm treatment of packaging components (HS 3923.50) under import programmes.,phase1_personalcare_signals.csv
2026-01,Demand signal,demand,cosmetics industry size,Cosmetica North Africa 2026: 330+ exhibitors incl. 125 international; ~250 Algerian companies participated; packaging an exhibited category.,press + trade-fair listing,https://www.jetro.go.jp/en/database/j-messe/tradefair/detail/156111,fr/en,VERIFIED,"Hundreds of local cosmetics firms, many small = fragmented demand with many references and low per-SKU volumes (MOQ-sensitive segment).",phase1_personalcare_signals.csv
2025-12,Demand signal,demand,shampoo localisation (Henkel Gliss),Henkel Algérie now produces 4 Schwarzkopf Gliss shampoo/care references 100% in Algeria; shown at FPA 18-27 Dec 2025.,"press (Algérie360, Algérie Eco)",https://www.algerie360.com/schwarzkopf-gliss-desormais-made-in-algerie-henkel-franchit-un-cap-industriel-majeur/,fr,VERIFIED,New local demand for premium shampoo bottles/flip-tops; multinationals usually impose global closure specs - local supplier must meet them or be locked out.,phase1_personalcare_signals.csv
2025 (approx),Technology signal,technology,detergent plant automation,"Henkel invested EUR 120M to make Réghaïa liquid-detergent plant 98% automated; +40% output, -30% losses.",press (Algérie360),https://www.algerie360.com/120-m-deuros-investis-henkel-algerie-fait-entrer-son-usine-de-reghaia-dans-lere-de-lindustrie-5-0/,fr,VERIFIED,"High-speed lines need dimensionally consistent closures (capping torque, cap feeding) - quality bar higher than for small fillers.",phase1_personalcare_signals.csv
c. 2018 (date not captured),Demand signal,demand,Unilever Oran plant,"Unilever Algérie's second cosmetics/detergent plant in Oran: 26,000 m2, DZD 1.35 bn, shampoo/toothpaste/soap, target 80% local production of formerly imported range.","press (Algérie Eco, TSA)",https://algerie-eco.com/?p=41135,fr,VERIFIED,Large-volume shampoo filling in the West; closure sourcing (local vs global) unknown.,phase1_personalcare_signals.csv
2026-02-19,Demand signal,demand,Hayat DHC,"Hayat DHC Algérie (Bouinane, Blida; 900+ staff) makes Bingo/Test detergents; 15% household-cleaning share; new ~USD 100M paper investment.","press (Financial Afrik, TSA)",https://www.financialafrik.com/2026/02/19/algerie-le-groupe-turc-hayat-dhc-investit-pres-de-100-millions-de-dollars-dans-lindustrie-papetiere,fr,VERIFIED,Large detergent buyer in Blida; Turkish group may source closures from Turkey - check.,phase1_personalcare_signals.csv
2025 (approx),Demand signal,demand,Labonedjma,"Labonedjma (Larbaâ): 200 staff, 8,800 m2, 600+ references, 5 brands, exporting to France.",press (Algérie360),https://www.algerie360.com/40-ans-de-savoir-faire-algerien-qui-rayonne-au-dela-des-frontieres-labonedjma-conquiert-la-france/,fr,VERIFIED,"600 SKUs = high closure variety, moderate volume per SKU: classic target for a flexible small molder with colour-matching.",phase1_personalcare_signals.csv
2026,Buyer behavior signal,buyer behavior,vertical integration in packaging,Chinese OEM blog states Laboratoires Venus 'manufactures its own packaging'.,blog (xiranskincare),https://xiranskincare.com/cosmetics-manufacturers-in-algeria-2026-the-5-local-factories-id-shortlist-for-private-label-contract-production/,en,WEAK SIGNAL,"If leaders integrate packaging in-house, it may indicate local supply was insufficient (supports gap) and reduces the addressable market at the top end.",phase1_personalcare_signals.csv
2026,Buyer behavior signal,buyer behavior,private-label / contract fillers,"Algerian contract fillers (Dermal Group, Sabrinel, Groupe ECI, White Industry) offer OEM/private label with minimums.",blog (xiranskincare),https://xiranskincare.com/cosmetics-manufacturers-in-algeria-2026-the-5-local-factories-id-shortlist-for-private-label-contract-production/,en,WEAK SIGNAL,Contract fillers aggregate small brands' closure needs: channel partner candidates.,phase1_personalcare_signals.csv
2015-05,Competitor signal,competitor,beverage caps,SGT Algeria: 2.8 bn preforms; Husky HyCAP lines producing 800M caps/yr (2015); 63% share of independent preform conversion (2013). PTD (Blida) is No. 2 preform maker with a caps unit.,trade press (PETpla.net),https://petpla.net/assets/ebooks/PP201505/17/,en,VERIFIED,"Commodity beverage closures are well supplied at huge scale: no gap, avoid.",phase1_personalcare_signals.csv
2018-05,Competitor signal,competitor,beverage caps,"SGT opened Sétif cap-only site: 7 injection presses, ~2 bn caps/yr, 11 HDPE cap families.",press (Algérie360) via prior note,https://www.algerie360.com/specialisee-dans-la-fabrication-de-preformes-et-de-bouchons-en-polyethylenelentreprise-francaise-sgt-ouvre-une-deuxieme-usine-en-algerie/,fr,VERIFIED,"Confirms 'caps in general' are not a nationwide gap; any gap must be in non-beverage, dispensing, custom or low-MOQ closures.",phase1_personalcare_signals.csv
n.d. (seen 2026-10-04),Competitor signal,competitor,dispensing closures and pumps,"SARL SIPEM (ZI Oued Smar, Algiers; since 1982) advertises injection of caps with handles, dispenser caps and pumps.","marketplace ad (Ouedkniss, snippet)",https://www.ouedkniss.com/fabrication-des-produits-en-plastique-alger-oued-smar-algerie-services-d22745209?lang=fr,fr,STRONG SIGNAL,"At least one local maker claims dispensing closures => gap is not absolute; need to know its MOQ, range and whether it takes new customers.",phase1_personalcare_signals.csv
n.d. (seen 2026-10-04),Competitor signal,competitor,pharma/cosmetic capsules,"Kompass 'bouchons en plastique' Algeria lists makers across Algiers, Béjaïa, BBA, El Oued, Ghardaïa, Khenchela, Mascara, OEB, Sétif, Skikda incl. Laboratoires SPIC (Mohammadia: capsules and bottles for pharma/cosmetics), CROWN SARL (Mascara), FE Trading (BBA).","directory (Kompass, snippet)",https://dz.kompass.com/a/bouchons-en-plastique/20430/,fr,WEAK SIGNAL,Closure makers are geographically spread; at least one claims cosmetic capsules. Directory entries need phone verification.,phase1_personalcare_signals.csv
n.d. (seen 2026-10-04),Supply shortage,supply shortage,imported dispensing parts,"Facebook packaging traders (PAFIX, Draria) sell sprayers, gel pumps, soap pumps for cosmetics/parapharmacy.","social (Facebook, snippet)",https://www.facebook.com/people/PAFIX-emballage/100075973279239/,fr,WEAK SIGNAL,Pumps/triggers reach small brands via traders - likely imported (ASSUMPTION). Pumps/triggers are assembly-heavy multi-part products: not a first product for a 1-press startup.,phase1_personalcare_signals.csv
n.d. (seen 2026-10-04),Buyer behavior signal,buyer behavior,bottle+closure sets / lot sizes,"Ouedkniss cosmetic-packaging listings: PET 50-100 ml bottles with caps or sprays; 1 L opaque bottle with pump sold in lot of 6,000; 60/100 ml gel bottles with pouring caps; sellers advertising import of pharma/cosmetic bottles.","marketplace (Ouedkniss, snippets)",https://www.ouedkniss.com/flacons_cosmetiques-r?lang=fr,fr,WEAK SIGNAL,"Small brands buy bottle and closure together, in lots of a few thousand, often imported: a low-MOQ local closure offer must be paired with bottle makers/traders.",phase1_personalcare_signals.csv
n.d. (seen 2026-10-04),Price signal,price,glass vials with caps,Ouedkniss snippet: sterile glass bottles with caps from ~90 DZD (unit).,"marketplace (Ouedkniss, snippet)",https://www.ouedkniss.com/s/?keywords=embalage-flacon&lang=fr,fr,WEAK SIGNAL,"Only DZD price seen; glass pharma vial, NOT a plastic closure price. No DZD price for flip-top/disc-top caps found.",phase1_personalcare_signals.csv
2026-10-04,Supply shortage,supply shortage,flip-top caps (search absence),"FR/AR/EN searches for 'fabricant bouchon flip top Algérie', 'سدادات بلاستيكية الجزائر' returned only Chinese/European suppliers and customs-tariff pages; no Algerian flip-top maker indexed.",web search (absence of evidence),https://conformepro.dz/ar/resources/tarif-douanier/sous-position/39.23.509200/سدادات-وأغطية-بلاستيكية,fr/ar/en,WEAK SIGNAL,Weak evidence that dispensing-closure supply is thin or offline; not proof of a gap (Algerian SMEs are poorly indexed).,phase1_personalcare_signals.csv
n.d.,Regulatory signal,regulatory,customs code for closures,Algerian tariff line 3923.50.92 'bouchons et couvercles en plastique' (سدادات وأغطية بلاستيكية).,customs tariff database (conformepro.dz),https://conformepro.dz/ar/resources/tarif-douanier/sous-position/39.23.509200/سدادات-وأغطية-بلاستيكية,ar,VERIFIED,"Use HS 3923.50 to pull import volumes/values (ITC Trade Map, ONS/DGD) to size closure imports - next step.",phase1_personalcare_signals.csv
n.d.,Demand signal,demand,shampoo segment share,"Sagaci Research: nourishing/moisturising shampoo for dry/damaged hair is the largest segment, dominated by local brands like Venus; 'Life' most scanned laundry brand; Amir Clean in dishwashing.","market research (Sagaci, snippets)",https://sagaciresearch.com/beauty-and-personal-care-shampoos-algeria/,en,STRONG SIGNAL,Local brands lead shampoo volumes -> local brand owners (not multinationals) are the realistic first customers.,phase1_personalcare_signals.csv
2025-06-16,Demand signal,demand,cosmetics sector policy,CREA president Kamel Moula: local cosmetics sufficient for domestic demand; push to produce raw materials locally and export.,press (Dzair Tube),https://www.dzair-tube.dz/en/algerian-cosmetics-market-kamel-moula-envisions-production-and-export-of-raw-materials,en,VERIFIED,Business-association backing for upstream localisation; potential advocacy channel.,phase1_personalcare_signals.csv
n.d. (c. 2017-2019),Competitor signal,competitor,Aïn Témouchent ex-Henkel site,"Henkel sold Aïn Témouchent plant to SM2I consortium (Hamiani, Metidj); 160 jobs kept; 7 new activities incl. 2 subcontracted to Henkel.","press (Algérie360, Algérie Eco)",https://www.algerie360.com/henkel-cede-son-usine-de-ain-temouchent-a-des-investisseurs-prives-algeriens/,fr,STRONG SIGNAL,"Henkel already uses local subcontractors; if one is packaging, it shows the qualification path for local suppliers.",phase1_personalcare_signals.csv
2020-03-21,Demand signal,demand,disinfectant/bleach surge,"ENAD/Shymeca and others doubled disinfectant output during Covid (gel, liquid soap, bleach).",press (Algérie Eco),https://algerie-eco.com/2020/03/21/coronavirus-en-algerie-des-entreprises-doublent-leur-production-en-produits-de-desinfection/,fr,VERIFIED,Episode of closure/pump shortage risk for sanitiser bottles - typical demand spike for pumps/flip-tops.,phase1_personalcare_signals.csv
2026-10-04,Price signal,price,flip-top cap price (estimate only),No sourced DZD or FOB price found for flip-top/disc-top caps in this pass; prior project long-list ESTIMATE 8-25 DZD/pc for flip-tops (unsourced).,internal estimate,/home/user/ghanoubenz/research_notes/Algeria injection molding feasibility/import_products_longlist.md,en,ASSUMPTION,"Price discovery is a must-do via calls to SIPEM, PAFIX, Ouedkniss sellers and Chinese FOB quotes.",phase1_personalcare_signals.csv
2026-09-24,Regulatory signal,Regulatory signal,Automotive plastic parts (GPI scope),PM Sifi Ghrieb set 31 Dec 2026 as end of imports of auto plastic parts GPI Tissemsilt can make; OEMs must source locally from early 2027; cahier des charges pending; no part list or JORA text,official,https://fr.allafrica.com/stories/202609240635.html,fr,STRONG SIGNAL,OEMs forced to localise plastics; small <=120 t parts may be outside GPI reach (niche or subcontract) but GPI is a state-backed competitor,phase1_policy_signals.csv
2026-09-24,Competitor signal,Competitor signal,GPI General Plastic Injection (ACS holding),State plant in Khemisti/Tissemsilt on ex-PAC assets; ~200k vehicles/yr capacity; integration 40% to 70%; PM asked molds be on site before end-2026,press,https://www.tsa-algerie.com/automobile-lalgerie-nimportera-plus-de-pieces-plastiques-des-2027/,fr,STRONG SIGNAL,Avoid head-on competition on large auto parts; probe GPI for subcontracting of small parts and mold services,phase1_policy_signals.csv
2026-05-01,Competitor signal,Competitor signal,GPI project launch,"PM launched GPI project ~1 May 2026 with production scheduled Sep 2026; reported 251,000 parts/yr (figure looks garbled)",press,https://www.dzair-tube.dz/en/algeria-launches-general-plastic-injection-unit-in-tissemsilt-to-deepen-auto-integration-drive/,en,WEAK SIGNAL,Capacity figure unreliable; do not use to size residual market,phase1_policy_signals.csv
2026-02-12,Demand signal,Demand signal,Automotive subcontracting (Stellantis Fiat Oran),"Stellantis signed five contracts with Algerian subcontractors at Mechanica Oran (10-12 Feb 2026); targets 30% integration in 2026, 40% after 5 years",press,https://www.tsa-algerie.com/automobile-stellantis-etoffe-son-reseau-avec-cinq-sous-traitants-algeriens/,fr,STRONG SIGNAL,OEM purchasing actively seeking local plastic suppliers; IATF/PPAP readiness needed,phase1_policy_signals.csv
2024-07-22,Regulatory signal,Regulatory signal,Used production equipment import,DE 24-241 (JORA 50) allows clearance of used production lines/equipment only if <=5 years old (agri <=7); wilaya industry certificate; in service within 6 months; repeals DE 20-312/21-200; no later amendment found,official,https://douane.gov.dz/IMG/pdf/decret_executif_no_24-241_du_22_07_2024_fr-2.pdf,fr,VERIFIED,Cheap old European presses not importable; plan on new Chinese servo press,phase1_policy_signals.csv
2021-05-11,Regulatory signal,Regulatory signal,Renovated equipment (superseded regime),"DE 21-200 removed agri-food/pharma age caps and set residual-life rule (10-12 y), general cap 10 y; this is the 'age caps removed' decree, repealed by DE 24-241 in 2024",official,https://algerie-eco.com/2021/06/05/importation-de-chaines-et-equipements-de-production-renoves-de-nouvelles-conditions-de-dedouanement-fixees/,fr,VERIFIED,Earlier note claiming age caps removed is outdated; do not rely on it,phase1_policy_signals.csv
2026-10-04,Price signal,Price signal,Molds HS 8480.71 duty,"ConformePro tariff shows DD 5%, VAT 19%, TCS 3%, PRCT 2% on injection/compression molds for plastics",directory,https://conformepro.dz/resources/tarif-douanier/sous-position/84.80.710000/قوالب-للمطاط-أو-المواد-البلاستيكية-للقولبة-بالحقن-أو-بالضغط,ar,STRONG SIGNAL,Low duty on imported molds; VAT franchise via AAPI is the bigger saving,phase1_policy_signals.csv
2026-10-03,Price signal,Price signal,Resin PP copolymer HS 3902.30,"DD 5%, VAT 19%, TCS 3%, PRCT 2%; rates for 3901.20 and 3902.10 not seen (likely same band)",directory,https://conformepro.dz/ar/resources/tarif-douanier/sous-position/39.02.309000/copolymères-de-propylene-sous-autres-formes,ar,STRONG SIGNAL,Input tariff low vs 30% on finished articles: positive effective protection,phase1_policy_signals.csv
2026-10-03,Regulatory signal,Regulatory signal,Finished plastic articles 3923/3926 DAPS,DD 30% plus DAPS 60% shown on 3923.10 and 3926.40.90; DAPS on 3917/3924/3925/3926.90 not confirmed,directory,https://conformepro.dz/ar/resources/tarif-douanier/sous-position/39.23.100000/boites-caisses-casiers-et-articles-similaires,ar,STRONG SIGNAL,Strong price umbrella on DAPS lines; check each target HS line (machine/vehicle parts in ch. 84/85/87 less protected),phase1_policy_signals.csv
2019-01-26,Regulatory signal,Regulatory signal,DAPS legal base,"DE 18-230 (25 Sep 2018) and MinCommerce arrete of 26 Jan 2019 list 1,095 lines at 30-200% DAPS; list revised since",official,https://www.freshplaza.fr/article/9068500/algerie-1095-produits-sont-soumis-au-daps/,fr,VERIFIED,Current DAPS list must be obtained line by line,phase1_policy_signals.csv
2026-05-14,Regulatory signal,Regulatory signal,Bank of Algeria Note 01/DGC/2026,All goods imports domiciled before shipment; 120% provision at least 30 days before shipment; transport docs dated before domiciliation refused barring authorised exceptions,official,https://www.bank-of-algeria.dz/stoodroa/2026/05/note-01-DGC-2026.pdf,fr,VERIFIED,Ties up 120% of each press/mold PO for 30+ days and adds over a month of lead time; advance-deposit handling unknown,phase1_policy_signals.csv
2026-05-20,Pain signal,Pain signal,Importers vs domiciliation note,Operators criticise prior-domiciliation note; press says BoA 'tightens the vice methodically'; no relaxation found to Oct 2026,press,https://maghrebemergent.news/fr/domiciliation-bancaire-prealable-la-note-de-la-banque-dalgerie-qui-ne-fait-pas-lunanimite/,fr,STRONG SIGNAL,Import of finished parts is slower and costlier for buyers: sell local lead time and no-provision supply,phase1_policy_signals.csv
2026-05-19,Regulatory signal,Regulatory signal,BoA Instruction 05-2026 resale importers,Outstanding unsettled imports for resale as-is capped at 100% of the operator's equity across all banks,official,https://algerie-eco.com/2026/05/19/importations-pour-la-revente-en-letat-la-banque-dalgerie-fixe-de-nouvelles-exigences-en-matiere-de-surface-financiere-des-operateurs/,fr,STRONG SIGNAL,Squeezes traders of imported finished parts; supports local substitution demand,phase1_policy_signals.csv
2026-07-28,Regulatory signal,Regulatory signal,Export domiciliation 48h,BoA requires banks to domiciliate exports within 48h of a complete file,official,https://algerie-eco.com/2026/07/28/exportations-la-banque-dalgerie-fixe-un-delai-de-48-heures-aux-banques-pour-la-domiciliation-bancaire/,fr,STRONG SIGNAL,Export side is being eased; relevant only if exporting later,phase1_policy_signals.csv
2025-12-16,Regulatory signal,Regulatory signal,PPI import programme 2026,PPI renewed for 2026 on new Ministry of Foreign Trade platform for activity codes 01 and 07; extended to ANADE micro-enterprises; H1 deadline 26 Feb 2026 (extended),press,https://www.tsa-algerie.com/importations-lalgerie-reconduit-le-ppi-pour-2026-avec-une-nouveaute/,fr,STRONG SIGNAL,New molder must file a PPI before importing press/molds/resin; semester timing risk,phase1_policy_signals.csv
2026-05-13,Regulatory signal,Regulatory signal,PPI H2 2026 deadline and legal basis,"Blog guides say H2 2026 window closed 31 Jul 2026, PPI based on 'DE 25-170', 45 days to domicile after visa; not confirmed by official/press source",press,https://www.mumnet.fr/2026/05/13/ppi-algerie-2026-importations-vehicules-micro-entreprises/,fr,WEAK SIGNAL,Verify calendar and legal basis with the Ministry of Foreign Trade before first order; 2027 calendar unknown,phase1_policy_signals.csv
2022-09-08,Regulatory signal,Regulatory signal,AAPI negative list DE 22-300,"~160 activities excluded incl. 'conditionnement et emballage'; non-eligible goods incl. recoverable packaging, road transport, office/IT; plastics transformation not named in excerpts",official,https://news.radioalgerie.dz/fr/node/14893,fr,VERIFIED,"Register under technical-parts code (e.g. 111305), not packaging, to keep VAT franchise/duty exemption on press and molds",phase1_policy_signals.csv
2020-11-22,Regulatory signal,Regulatory signal,Sous-traitance DD+VAT exemption,Interministerial arrete: 5-year exemption of customs duty and VAT on components and raw materials for approved subcontractors of mechanical/electronic/electrical industries; file to Ministry of Industry,official,https://algerie-eco.com/2020/11/22/industrie-les-conditions-dexemption-de-taxes-sur-les-composants-de-sous-traitance-fixees/,fr,STRONG SIGNAL,If still open in 2026 could make resin duty- and VAT-free for contracted OEM work; verify status,phase1_policy_signals.csv
2026-09-30,Regulatory signal,Regulatory signal,PLF 2027,"Government examined avant-projet LF 2027 on 30 Sep 2026; only general axes public (productive investment, purchasing power, logistics costs); no plastics/customs articles published",press,https://lematindalgerie.com/le-gouvernement-examine-lavant-projet-de-loi-de-finances-2027/,fr,STRONG SIGNAL,Watch tariff annex at APN stage (Oct-Nov 2026) for ch. 39 / DAPS / resin changes,phase1_policy_signals.csv
2023,Regulatory signal,Regulatory signal,Public procurement preference Law 23-12,25% preference margin for Algerian-origin products and resident-owned Algerian firms with CCI origin certificate; implementing regulation reportedly pending,press,https://cms.law/fr/fra/publication/flash-info-algerie-marches-publics-precisions-sur-l-application-de-la-marge-de-preference-nationale,fr,STRONG SIGNAL,"Indirect demand lever via customers bidding public tenders (utilities, meters, electrical)",phase1_policy_signals.csv
2025-12,Regulatory signal,Regulatory signal,LF 2026 customs measures,"LF 2026 (JO 2025 n.88) customs changes were sector-specific (solar water heaters 30 to 15%, PV inputs 5%, electrolysers exempt, food); nothing on plastics",press,https://www.oceanic-dz.com/actualites/loi-de-finances-pour-2026-les-dispositions-a-la-charge-de-ladministration-des-douanes_145.html,fr,STRONG SIGNAL,No change to plastics tariff structure in 2026,phase1_policy_signals.csv
2026-03/04 (article undated in snippet),Price signal,price,"PP, PE global","Hormuz blockade after Feb-Mar 2026 war: maritime traffic -97%; PE ~1,176 USD/t and PP ~1,288 USD/t; packaging, agriculture film and auto parts in Algeria hit",news (El Watan),https://elwatan.dz/flambee-des-prix-du-plastique-les-consommateurs-pris-en-etau/,fr,STRONG SIGNAL,At 133 DZD/USD official this is ~171 DZD/kg before duty/margin; at ~240 parallel ~309 DZD/kg. Budget resin at crisis level.,phase1_resin_signals.csv
2026-04,Price signal,price,"PP, PET (Europe)","PET +60% to ~1,850 USD/t early April 2026; in Europe PP rose from ~1,300 to ~2,500 EUR/t Feb->Apr 2026 (~+90%); fears PET could hit 3,000 USD/t if blockade lasted 3 months","news (Maghreb Emergent / French trade press, via snippet)",https://maghrebemergent.news/fr/la-fermeture-dormuz-relance-les-projets-petrochimiques-algeriens/,fr,STRONG SIGNAL,"European-origin PP at 2,500 EUR/t x 155 = ~390 DZD/kg CIF before duty: EU is not a cheap fallback during Gulf disruption.",phase1_resin_signals.csv
2026 (after Mar),Supply shortage,supply_shortage,resins/granules Algeria,Algerian transformers face rising prices signalling an approaching raw-material supply crisis; Algeria exports naphtha and methanol but cannot supply its SMEs with resins/granules,news (Maghreb Emergent),https://maghrebemergent.news/fr/la-fermeture-dormuz-relance-les-projets-petrochimiques-algeriens/,fr,STRONG SIGNAL,Hold 1-2 months of PP/HDPE safety stock; lock supplier relationships before launch.,phase1_resin_signals.csv
2026,Price signal,price,"PE, PP world",PE +37% and PP +38% on world markets after war; Hormuz transits down >70%; Algeria plastics (materials+products) imports ~2.98 bn USD in 2025; raw plastic imports grew 7.8%/yr 2007-2024,news (El Djazair El Djadida),https://www.eldjazaireldjadida.dz/%D9%87%D9%84-%D8%AA%D9%86%D8%B9%D9%83%D8%B3-%D8%A7%D8%B6%D8%B7%D8%B1%D8%A7%D8%A8%D8%A7%D8%AA-%D8%A5%D9%85%D8%AF%D8%A7%D8%AF%D8%A7%D8%AA-%D8%A7%D9%84%D8%A8%D9%84%D8%A7%D8%B3%D8%AA%D9%8A%D9%83-%D8%A7/,ar,STRONG SIGNAL,Confirms 2026 shock reached Algerian discourse; magnitude ~+40% vs 2025.,phase1_resin_signals.csv
2026,Demand signal,demand,plastics imports value,"Algeria imported ~2.98 bn USD of plastic raw materials and products in 2025, +6.8% vs 2024; agrifood packaging depends almost entirely on imported granules","news (snippet, Maghreb Emergent 'avis de tempête')",https://maghrebemergent.news/fr/algerie-avis-de-tempete-sur-les-prix-de-lemballage-alimentaire-importe/,fr,STRONG SIGNAL,"Large, growing converter base = deep distributor market; but 100% import exposure.",phase1_resin_signals.csv
2026,Supply shortage,supply_shortage,European supply contracts,French packaging federation Elipso denounced 'abusive force majeure' declarations by resin suppliers using the Hormuz blockade as pretext,news (L'Usine Nouvelle),https://www.usinenouvelle.com/emballage/emballages-en-plastique-a-loffensive-elipso-denonce-des-forces-majeures-abusives-au-regard-des-principes-juridiques-internationaux-au-pretexte-du-blocage-du-detroit-dormuz.ICXZJN6HIBEEDHPOZQZR2SAUMU.html,fr,STRONG SIGNAL,Allocation/force majeure risk flows down to Algerian distributors; ask for written price validity.,phase1_resin_signals.csv
2026,Supply shortage,supply_shortage,European resin output,"Counter-signal: European plastics production 'running flat out', risk of shortages in plasturgy expected to stay limited",news (L'Usine Nouvelle),https://www.usinenouvelle.com/polymeres-materiaux/materiaux/plastiques-et-composites/guerre-au-moyen-orient-avec-une-production-europeenne-des-plastiques-qui-tourne-a-fond-les-risques-de-ruptures-dans-la-plasturgie-devraient-rester-limites.DJXONOMFL5HSTOXNGT4THKTTTE.html,fr,WEAK SIGNAL,Availability (at a price) likely; shortage is mainly a price problem for Europe-sourced material.,phase1_resin_signals.csv
2026 (post-Hormuz),Regulatory signal,regulatory,petrochemical policy,"Government accelerating petrochemical strategy with ~7 bn USD portfolio (naphtha/LPG-based); Arzew PP 550 kt/y launched Sept 2024, completion planned 2027",news (Maghreb Emergent),https://maghrebemergent.news/fr/la-fermeture-dormuz-relance-les-projets-petrochimiques-algeriens/,fr,STRONG SIGNAL,"Policy tailwind for local inputs, but no local PP for a 2026-27 startup.",phase1_resin_signals.csv
2025-2026 (undated),Supply shortage,supply_shortage,Arzew PP,"Arzew PDH-PP stalled: work stopped, Petrofac/HQCEC/STEP talks dragging, end-2026 target out of reach, no restart date",news (Ecofin Agency),https://www.ecofinagency.com/news-industry/1407-57376-algeria-s-1-5bn-plastics-bet-stalls-as-petrofac-talks-drag-on,en,STRONG SIGNAL,Conflicts with 2027 completion claim; assume first local PP >=2028.,phase1_resin_signals.csv
2025-12-03,Technology signal,technology,HDPE local output,"Sonatrach 2024 annual report: CP2K Skikda produced 34,198 t HDPE in 2024 (+101% y/y) vs 130 kt/y nameplate (~26% utilisation)","news (Algérie Eco, citing Sonatrach)",https://algerie-eco.com/2025/12/03/sonatrach-publie-son-rapport-annuel-2024/,fr,VERIFIED,"Local HDPE exists but is small, likely pipe/film grades; ask distributors whether they resell Sonatrach HDPE.",phase1_resin_signals.csv
n.d. (2025-26 search context),Supply shortage,supply_shortage,CP2K reliability,"CP2K capacities 'largely insufficient', installations aging, recurrent shutdowns of old local steam cracker",search snippet (source page not identified),https://maghrebemergent.news/fr/la-fermeture-dormuz-relance-les-projets-petrochimiques-algeriens/,fr,WEAK SIGNAL,Do not rely on local HDPE continuity.,phase1_resin_signals.csv
c.2021,Price signal,price,plastic raw material Algeria,"Raw plastic prices rose >300%, from 170 to 520 DA/kg; many plants and workshops stopped for months for lack of raw material; importers then received licences, imports expected in 30-45 days",news (Echorouk),https://www.echoroukonline.com/%D8%A7%D8%B1%D8%AA%D9%81%D8%A7%D8%B9-%D8%A3%D8%B3%D8%B9%D8%A7%D8%B1-%D8%A7%D9%84%D8%A8%D9%84%D8%A7%D8%B3%D8%AA%D9%8A%D9%83-%D8%A8%D9%80300-%D8%A8%D8%A7%D9%84%D9%85%D8%A7%D8%A6%D8%A9-%D9%88%D8%A7%D9%86,ar,VERIFIED,"Shortage history: Algerian shortages are often policy-driven (import licences), not only global. Pre-crisis baseline ~170 DA/kg.",phase1_resin_signals.csv
c.2021,Price signal,price,recycled plastic,Recycled plastic price rose from 100 to 250 DA/kg during the same crisis,news (Maghreb Emergent),https://maghrebemergent.news/fr/hausse-des-prix-du-plastique-linevitable-obligation-de-recourir-a-limportation/,fr,VERIFIED,Regrind tracks virgin price in shortages; not a full hedge.,phase1_resin_signals.csv
n.d. (academic),Price signal,price,plastic waste feedstock,"Plastic waste: 15-20 DA/kg from associations, 30-50 DA/kg from industrial firms/traders; clean PEHD waste 25-35 DA/kg",academic (ASJP/CERIST),https://asjp.cerist.dz/en/downArticle/9/17/1/146374,fr,WEAK SIGNAL,Feedstock cheap; value added by washing/grinding/granulating. Supports in-house regrind and buying broyé.,phase1_resin_signals.csv
n.d. (listing),Price signal,price,PEHD broyé,"Listing: industrial-origin transparent PEHD extrusion broyé at 110,000 DA/t (110 DA/kg)",marketplace (EspaceAgro),https://www.espaceagro.com/broye-pehd/exp-broye-pehd.html,fr,WEAK SIGNAL,Regrind roughly 40-60% of estimated virgin price; extrusion grade (low MFR) unsuitable for most injection.,phase1_resin_signals.csv
n.d. (listings),Competitor signal,competitor,recycled plastics capacity,"Algerian recyclers advertise PET/PVC/PEHD/PP broyé and granules, 20 t/week to 1,000 t/month, some exporting",marketplace (EspaceAgro),https://www.espaceagro.com/ads/recyclage-plastique/producteur/algerie/,fr,WEAK SIGNAL,A regrind supply base exists; names need phone verification.,phase1_resin_signals.csv
2022-09-13,Competitor signal,competitor,recycled PP/HDPE,"El Kader Plast (Oggaz, Mascara): 2,000 kg/h PP/PEHD recycling line, 70% of granules sold on market, 30% to pallet unit",news (Algérie Eco),https://algerie-eco.com/2022/09/13/recyclage-du-plastique-une-grande-usine-ouvrira-avant-fin-septembre-a-mascara/,fr,STRONG SIGNAL,"Candidate supplier of recycled PP/HDPE for non-cosmetic parts (pallet feet, spacers).",phase1_resin_signals.csv
n.d. (directory),Supply shortage,supply_shortage,masterbatch local base,"Kompass Algeria lists only ~3 colour-masterbatch makers (Himaplast, Decoplast, BRUM) plus Smart Polymer Colors; Taif Master Batch on dzentreprise","directory (Kompass, dzentreprise)",https://dz.kompass.com/a/pre-transformation-des-plastiques/65710/,fr,STRONG SIGNAL,"Thin local MB base: get 2 MB sources (1 local, 1 importer) and qualify colour early.",phase1_resin_signals.csv
n.d.,Technology signal,technology,UV masterbatch,Film converter Plastedj uses Italian reference masterbatches for UV-stabilised agricultural film,company site,https://www.plastedj.dz/,fr,STRONG SIGNAL,UV MB likely imported; ask distributors for UV/HALS MB with outdoor ratings.,phase1_resin_signals.csv
n.d.,Competitor signal,competitor,foreign masterbatch,UAE Polytec and EuP Egypt market colour/additive MB specifically to Algeria,company sites,https://polytecmb.com/masterbatch-in-algeria,en,STRONG SIGNAL,Import alternative to local MB; Egyptian GAFTA origin less Hormuz-exposed than UAE.,phase1_resin_signals.csv
c.2019,Demand signal,demand,raw plastic imports,Algeria consumes ~2 bn USD/yr of raw plastic (2019); imports grew 304 kt (2007) to 817 kt (2015); Algeria produces ~3% of its raw-material needs,news (Radio Algérie; algeriainvest snippet),https://radioalgerie.dz/news/ar/article/20190409/166645.html,ar,STRONG SIGNAL,Structural import dependence; distributors exist in every major region.,phase1_resin_signals.csv
2026-10-03,Price signal,price,general inflation,Algerian Interior Minister acknowledged a 'fierce' rise in prices (headline only),news (Al Araby Al Asil),https://alarabyalasil.com/2026/10/03/%D9%88%D8%B2%D9%8A%D8%B1-%D8%A7%D9%84%D8%AF%D8%A7%D8%AE%D9%84%D9%8A%D8%A9-%D8%A7%D9%84%D8%AC%D8%B2%D8%A7%D8%A6%D8%B1%D9%8A-%D9%8A%D8%B9%D8%AA%D8%B1%D9%81-%D8%A8%D8%A7%D8%B1%D8%AA%D9%81%D8%A7%D8%B9/,ar,WEAK SIGNAL,General inflation context Oct 2026; plastics not specifically confirmed.,phase1_resin_signals.csv
n.d.,Buyer behavior signal,buyer_behavior,SABIC PP demand,Algerian buyer (Groupe Med Dora) posted request for SABIC polypropylene,B2B board (algomtl),https://www.algomtl.com/polypropylene-from-sabic-sa--260184.html,en,WEAK SIGNAL,SABIC grades are a reference in Algerian buying; Saudi origin = Hormuz/Red Sea exposure (Yanbu Red Sea plants less so).,phase1_resin_signals.csv
2024-03-04,Competitor signal,machine_brand,Yizumi via AFC Industry,"Yizumi + local agent AFC Industry showed UN160A5 (60 L jerry-can caps) and YV-600 (dustpans) at Plast Alger 2024, booth A.B11; AFC provides sales and after-sales in Algeria",OEM news page (snippet),https://yizumi.com/en/news/product/IMM/yizumi-at-plast-alger-2024,en,VERIFIED,Yizumi/AFC is the best-documented new-machine + local-service route; ask AFC for references and spare-parts stock.,phase1_supply_signals.csv
undated (recent),Competitor signal,capacity,Large-tonnage investment,"Yizumi shipped its first 5,500 t machine (UN5500D1L) to an unnamed Algerian customer, citing demand for pallets, turnover boxes and large logistics containers",OEM news page (snippet),https://www.yizumi.com/en/news/product/IMM/yizumi-s-first-5500t-injection-molding-machine-heads-to-algeria,en,VERIFIED,"Capital is flowing into large commodity logistics parts, not small technical parts - supports niche positioning.",phase1_supply_signals.csv
"undated (1 July, year not in snippet)",Competitor signal,machine_brand,Yizumi open house Ghardaïa,Yizumi and AFC Industry held an Open House in Ghardaïa showing PAC380K3 thin-wall machine and 4.4 L bucket solution,OEM news page (snippet),https://www.yizumi.com/en/news/product/IMM/feel-the-charm-of-imms-at-yizumi-open-house-in-algeria,en,VERIFIED,Ghardaïa (South) has enough molders to justify a dealer open house - a cluster missing from earlier maps; packaging-focused.,phase1_supply_signals.csv
undated,Competitor signal,machine_brand,Chen Hsong dealer,Chen Hsong service network lists Plasticolor Group (Algiers) as its Algeria distributor,OEM network page (snippet),https://chenhsong.com/service-network/,en,STRONG SIGNAL,Second OEM-dealer route; compare quotes Yizumi (AFC) vs Chen Hsong (Plasticolor) vs Cosmos (2M Expert).,phase1_supply_signals.csv
2025-02,Competitor signal,machine_brand,Engel at Plast Alger 2025,Engel Austria exhibited at Plast & Printpack Alger 2025 via the Austrian pavilion; no Algerian agent found,trade promotion page (snippet),https://www.advantageaustria.org/dz/news/Messe_Plast_Alger_2025.fr.html,fr,STRONG SIGNAL,Premium brands sell direct; service would come from abroad - not suited to a one-machine startup.,phase1_supply_signals.csv
2026 (snippet),Competitor signal,machine_brand,Used machines on Ouedkniss,"Ouedkniss machine ads show HWAMDA 400 t, FOHONG 140 t servo, 'LOG' machine at 5,000,000 DA; KS Machines Industrielles also lists injection machines",classifieds (snippet),https://www.ouedkniss.com/machine-injection-plastique-r?lang=fr,fr/ar,WEAK SIGNAL,Tier-3 Chinese brands circulate locally; parts/service for them depend on freelance technicians.,phase1_supply_signals.csv
undated,Competitor signal,machine_brand,No local agent found,"No Algerian agent found for Haitian, Borche, LK, Tederic or Arburg; only a weak LinkedIn trace of 'Eurl Haitian Algeria Service'",search absence,https://tn.linkedin.com/in/lahmadi-kamel,en/fr,WEAK SIGNAL,Haitian is likely the most common used brand but service is informal; budget for imported spares and a retained freelance technician.,phase1_supply_signals.csv
undated,Competitor signal,competitor,Medical injection Sétif,"MBS PLAST (Sétif) does injection, marking and assembly of medical-device parts in ISO 8 clean rooms; ISO 13485/15378/9001",exhibitor page (snippet),https://www.maghrebpharma.com/en/exhibitors/mbs-plast-240861,en,STRONG SIGNAL,Precision/medical niche already has a certified player in the East; do not enter medical without certification.,phase1_supply_signals.csv
undated,Competitor signal,competitor,Custom subcontract molding,"SNK Plastic (Rouiba) runs customer-owned molds on 50-650 t presses, offers mold design, training, and export to Europe","company site (snippet, prior notes)",https://snkplastic.com/,fr,STRONG SIGNAL,"Direct competitor for 'your mold, our press' B2B parts in Algiers-East; also a potential overflow partner.",phase1_supply_signals.csv
undated,Competitor signal,competitor,IML packaging Boumerdès,"Thermoplast Atek (Bordj Menaiel) does thermoforming, IML injection, sheet extrusion and 6-colour offset printing",directory (snippet),https://dz.kompass.com/a/moulage-par-injection-des-plastiques-moulage-a-reaction-des/6577010/,fr,STRONG SIGNAL,Packaging is crowded and capital-heavy (IML robots); stay out.,phase1_supply_signals.csv
undated,Competitor signal,cluster,Kompass injection molder count,"Kompass DZ lists only 12 companies under injection molding: Alger 4, Blida 2, Boumerdès 2, Oran 2, El Oued 1, Tlemcen 1",directory (snippet),https://dz.kompass.com/a/moulage-par-injection-des-plastiques-moulage-a-reaction-des/6577010/,fr,STRONG SIGNAL,"Formal directories massively under-count (sector ~1,000 firms, ~40% injection); most molders are informal/Ouedkniss/Facebook-visible only.",phase1_supply_signals.csv
undated,Technology signal,mold_capability,Kompass mold maker count,"Kompass DZ lists 9 companies for injection/blow molds across Alger, Annaba, Boumerdès, El Oued, Sétif; Master Mill Precision (Kouba) designs and makes injection molds for medical/pharma/food",directory (snippet),https://dz.kompass.com/p/moule-injection-plastique/e253e1c9-b640-4ed2-91be-b07972941873/,fr,STRONG SIGNAL,Formal mold-making base is thin; Annaba and El Oued have at least one each.,phase1_supply_signals.csv
undated,Technology signal,mold_capability,Ouedkniss mold services,"Ouedkniss mold-service listings include HIGHPARTS-DIESEL INJECTION (Dar El Beida, ~82 items) and EURL JET BLEU MACHINE (Mezloug, Sétif); earlier notes found listings in Dar El Beida, Blida, Kouba, Sétif, Oued Smar",classifieds (snippet),https://www.ouedkniss.com/moules-injection-plastique_services_industrie-fabrication-r?lang=fr,fr,WEAK SIGNAL,Many informal moulistes can copy/repair molds cheaply - both a resource and a copying risk.,phase1_supply_signals.csv
undated,Technology signal,technician_supply,Job ad Blida,"Algeriejob ad: 'Technicien en moulage par injection' in Blida - adjusts injection machines, follows production, writes reports; 2+ yrs, Bac+2",job board (snippet),https://www.algeriejob.com/offre-emploi-algerie/technicien-moulage-injection-127345,fr,STRONG SIGNAL,Régleurs are recruited at Bac+2 with 2+ yrs; Blida competes for them.,phase1_supply_signals.csv
undated,Technology signal,technician_supply,Job ad Bordj Bou Arreridj,"Algeriejob ad seeks setters for plastic injection OR aluminium machines in BBA, 2-5+ yrs (employer unnamed; matches MIRAF's dual activity, unconfirmed)",job board (snippet),https://www.algeriejob.com/emploi-regleur-moule-machine-injection-plastique,fr,WEAK SIGNAL,BBA has active demand for setters; poaching risk for a startup.,phase1_supply_signals.csv
undated,Technology signal,technician_supply,Job ad Boumerdès,"Smart Pack (Ouled Moussa) recruits confirmed injection/blow operator, 3-5 yrs, CDI; tasks include first-level maintenance",job board (snippet),https://emploitic.com/entreprises/smart-pack/offres-d-emploi/industries/operateur-injection-plastique-confirme-d339fe36fd9d909709f9fc36,fr,STRONG SIGNAL,Operators expected to do level-1 maintenance; skilled labour pool exists East of Algiers.,phase1_supply_signals.csv
undated,Technology signal,technician_supply,Job ad Blida maintenance,Optimal Packaging Solutions (Blida) recruits industrial maintenance engineer for injection and thermoforming machines,job board (snippet),https://emploitic.com/entreprises/optimal-packaging-solutions/offres-d-emploi/industries/ingenieur-en-maintenance-industrielle-8ddc2edd18711d954ea8fe6e,fr,STRONG SIGNAL,Maintenance skills are scarce enough that firms advertise for engineers.,phase1_supply_signals.csv
undated,Technology signal,technician_supply,Emploitic search for setters,"Emploitic has a search page for 'ingénieur ajusteur régleur des machines à injection plastique'; algeriejob CV base contains plastics setter profiles with 5-10 yrs, Bac+2 'technologie de l'industrie plastique'",job board (snippet),https://emploitic.com/offres-d-emploi/q-ingenieur-ajusteur-regleur-des-machines-a-injection-plastique,fr,WEAK SIGNAL,A trained setter pool exists (vocational diploma); hire one experienced régleur as key person.,phase1_supply_signals.csv
undated,Technology signal,technician_supply,Machine repair services,No identifiable independent injection-machine repair technician/company was found; Arabic/French repair searches returned generic results; Ouedkniss repair listings blocked,search absence,https://www.ouedkniss.com/s/?keywords=machine-injection-plastique&lang=fr,fr/ar,WEAK SIGNAL,"Field check needed: ask AFC, 2M Expert, SNK and local molders which freelance technicians they use.",phase1_supply_signals.csv
2026-09-24,Regulatory signal,policy,GPI Tissemsilt,State GPI auto plastics plant opened; molds to be on site before end-2026; import ban on locally makeable auto plastic parts from 2027,press,https://algerie-eco.com/2026/09/24/industrie-automobile-une-usine-de-production-de-composants-plastiques-inauguree-a-tissemsilt/,fr,VERIFIED,GPI will absorb skilled setters/mold techs nationally in 2027; also possible Tier-2 buyer.,phase1_supply_signals.csv
2015-05,Competitor signal,competitor,Preforms/caps scale,PTD (Blida) is Algeria's 2nd largest preform maker with caps; SGT Algérie runs 16 preform presses in Rouiba and cap sites in Sétif,trade magazine (snippet),https://petpla.net/assets/ebooks/PP201505/17/,en,STRONG SIGNAL,Closures/preforms are scale-dominated; avoid.,phase1_supply_signals.csv
undated,Competitor signal,cluster,El Eulma visibility on TikTok,"TikTok discover page 'مصنع بلاستيك في سطيف العلمة' exists, indicating El Eulma plastic factories market themselves on short video",social (snippet),https://www.tiktok.com/discover/%D9%85%D8%B5%D9%86%D8%B9-%D8%A8%D9%84%D8%A7%D8%B3%D8%AA%D9%8A%D9%83-%D9%81%D9%8A-%D8%B3%D8%B7%D9%8A%D9%81-%D8%A7%D9%84%D8%B9%D9%84%D9%85%D8%A9,ar,WEAK SIGNAL,"Competitor scouting should include TikTok/Facebook, not only directories; and the founder's own social posts are visible to them.",phase1_supply_signals.csv
2011,Competitor signal,copying_risk,Counterfeit share of imports,Customs DG said 60% of goods imported for resale were counterfeit (2011); seizures 2011 mostly cosmetics and sports goods,press,https://www.afrik.com/la-contrefacon-en-algerie,fr,WEAK SIGNAL,"Old data; shows tolerance of imitation in distribution channels, not plastics-specific.",phase1_supply_signals.csv
undated (c.2011-2013),Competitor signal,copying_risk,Local counterfeit production,"Ministry of Commerce survey: 40.98% of counterfeit products found were made locally, 41.34% imported, 18% unknown origin; auto spare parts among top counterfeited items",press,https://www.algerie360.com/la-contrefacon-prend-de-lampleur-en-algerie-tout-sur-lindustrie-du-faux/,fr,WEAK SIGNAL,Local manufacturers do produce imitations at scale; any successful branded/standard part will be copied.,phase1_supply_signals.csv
2011,Competitor signal,copying_risk,Seizure growth,"Echorouk: 700,000 counterfeit articles seized in 2011, +845%",press,https://www.echoroukonline.com/contrefacon-saisie-de-700-000-articles-une-hausse-de-845-en-2011,fr,WEAK SIGNAL,Enforcement exists but is reactive; IP protection weak.,phase1_supply_signals.csv
undated,Competitor signal,copying_risk,Regulatory gap,"Algerie360: 'En l'absence d'une réglementation claire, la contrefaçon étouffe les marchés'; Algérie Eco 2018: informal and counterfeit 'gangrènent' the economy; thousands of firms closed due to unfair competition",press,https://www.algerie360.com/en-labsence-dune-reglementation-claire-la-contrefacon-etouffe-les-marches/,fr,WEAK SIGNAL,"Do not rely on legal remedies; protect via speed, customer lock-in, mold ownership and NDAs.",phase1_supply_signals.csv
undated,Competitor signal,copying_risk,Household plastics imitation,"Maghreb household-plastics market: basic models saturated, competition on price vs Chinese imports and counterfeits; informal under-priced imports ~15%","press (Morocco-based, Maghreb-wide)",https://www.lavieeco.com/affaires/articles-menagers-en-plastique-la-concurrence-asiatique-menace-un-marche-en-plein-boom-22729/,fr,WEAK SIGNAL,Visible consumer products get copied fastest; B2B custom parts tied to a customer's drawing are less exposed.,phase1_supply_signals.csv
undated,Competitor signal,copying_risk,Structural copying capability,"Several firms combine mold making + molding (MIRAF, SNK, ENPC/SIPLAST+ALMOULES, FMPI) and some advertise making parts 'from models' or reverse engineering (Cumnewtec, Precision Industry spare parts, CDTA)",company sites (snippets),https://www.cdta.dz/en/?p=12201,fr/en,STRONG SIGNAL,"Anyone shown a part or a mold can replicate it; keep molds in own plant, avoid subcontracting production of own catalogue items to molder-moldmakers.",phase1_supply_signals.csv
undated,Data gap,data_gap,Direct copying evidence,No forum/social complaint or court case specifically about an Algerian molder copying a customer's or competitor's plastic part was found (search budget and proxy limits),search absence,n/a,fr/ar/en,UNKNOWN,"Treat as unknown, not as low risk; ask in interviews with buyers/molders.",phase1_supply_signals.csv
undated,Data gap,data_gap,Automation suppliers,"No Algerian supplier of injection robots/pickers, mold temperature controllers or automation integrators specific to plastics was found this session (only AFC 'automation/packaging lines' and FMPI equipment/software)",search absence,n/a,fr/en,UNKNOWN,Auxiliaries likely imported with the machine; plan pickers/chillers in the China order.,phase1_supply_signals.csv
