product_id,product,family,price_dzd,price_basis,annual_volume_pcs,margin_r220_u50,margin_r220_u70,margin_r220_u90,margin_r300_u50,margin_r300_u70,margin_r300_u90,margin_r400_u50,margin_r400_u70,margin_r400_u90,margin_r300_u70_credit30,margin_r300_u70_credit60,margin_r300_u70_credit90,margin_r300_u70_volume_x2,breakeven_volume_pcs_per_year,unit_cost_base,material,conversion,mold,parts_per_hour,machine_hours_per_year,annual_revenue_dzd,annual_contribution_dzd,economics_verdict,min_press_t,combined,evidence_strength
JC-26,Horizontal spacer chair / cale horizontale 40-8/24 and 50-8/24,Rebar spacers,12.02,STRONG SIGNAL,300000.0,20.3,27.1,30.9,12.0,18.8,22.6,1.6,8.4,12.2,19.4,18.8,18.1,28.0,148654,9.76,3.9,2.17,2.22,765,392,3606000,677038,FRAGILE,100,69.6,2
JC-24,"Rebar spacer wheel / cale roue 30 mm cover, rebar 8-14 mm",Rebar spacers,7.48,STRONG SIGNAL,500000.0,22.1,29.6,33.8,14.3,21.8,26.0,4.5,12.1,16.2,22.5,21.8,21.1,29.6,208226,5.85,2.27,1.49,1.16,1113,449,3740000,815342,FRAGILE,120,69.3,2
JC-40,Mesh/rebar clip-on spacer for welded mesh (cale treillis 'étoile'),Rebar spacers,6.8,ASSUMPTION,300000.0,24.9,29.4,32.0,18.8,23.3,25.8,11.1,15.7,18.2,24.0,23.3,22.7,37.6,165059,5.21,1.62,0.81,1.94,2040,147,2040000,475703,FRAGILE,120,66.6,1
JC-34,"Tile levelling clips (consumable) for 3-12 mm tiles, 1-3 mm joint",Tile tools,4.29,STRONG SIGNAL,500000.0,20.7,24.9,27.2,14.9,19.0,21.4,7.6,11.8,14.1,19.7,19.0,18.4,36.5,323466,3.47,0.97,0.47,1.5,3497,143,2145000,408295,FRAGILE,100,64.8,2
JC-02,Glazing bridge packer with drainage channel / cale pont (PVC & alu sashes),Glazing packers,8.75,ASSUMPTION,200000.0,13.9,19.2,22.1,8.2,13.5,16.4,1.1,6.3,9.3,14.1,13.5,12.8,32.5,147651,7.57,1.95,1.22,3.33,1360,147,1750000,235770,FRAGILE,120,63.6,1
JC-16,Fly-screen frame corner (équerre moustiquaire) 7x17 / 10x20 mm,Fly-screen parts,11.0,ASSUMPTION,100000.0,24.0,25.1,25.8,21.7,22.8,23.5,18.8,20.0,20.7,23.5,22.8,22.2,49.3,69837,8.49,0.97,0.34,5.82,4896,20,1100000,251319,ROBUST,80,63.5,1
JC-36,Pipe clip / collier atlas Ø12-40 mm (PVC/PER/multilayer pipe) [merged duplicates: JC-36 + OS-001],Pipe clamps,5.61,WEAK SIGNAL,500000.0,39.4,42.6,44.4,35.0,38.2,39.9,29.4,32.6,34.4,38.8,38.2,37.5,50.0,191627,3.47,0.97,0.47,1.33,3497,143,2805000,1070140,ROBUST,80,62.8,1
JC-13,"Drainage slot cover / cache de drainage (alu & PVC frames), colour-matched",Profile caps,5.5,ASSUMPTION,300000.0,34.9,36.5,37.4,32.6,34.2,35.1,29.7,31.4,32.3,34.9,34.2,33.6,54.4,162264,3.62,0.49,0.24,2.22,6994,43,1650000,564475,ROBUST,80,62.7,1
JC-30,Formwork cone for tie-rod spacer tube 22 mm (cône de coffrage),Formwork parts,15.43,ASSUMPTION,200000.0,49.5,51.5,52.6,46.2,48.2,49.3,42.2,44.2,45.3,48.9,48.2,47.6,59.0,61760,7.99,1.95,0.81,3.33,2040,98,3086000,1488509,ROBUST,80,61.1,1
OS-002,IRL conduit coupler sleeve 16-25 mm (manchon),Electrical fixings,13.75,ASSUMPTION,200000.0,58.2,59.6,60.4,55.8,57.2,57.9,52.7,54.1,54.9,57.8,57.2,56.5,65.8,46635,5.89,1.3,0.51,2.39,3264,61,2750000,1571840,ROBUST,80,60.3,1
OS-010,Plasterboard butterfly anchor 8 mm (cheville papillon),Wall plugs,30.25,WEAK SIGNAL,100000.0,56.0,56.6,56.9,55.3,55.9,56.2,54.4,55.0,55.4,56.6,55.9,55.3,69.6,32954,13.34,0.81,0.49,8.31,3400,29,3025000,1691227,ROBUST,100,59.9,2
CL-003,"Colour-matched short-run flip-top service (24/410 & 28/410 from own stock molds, 5-10k pcs per colour)",dispensing closure (service model),4.82,ASSUMPTION,150000.0,45.5,51.1,54.3,38.0,43.7,46.9,28.8,34.4,37.6,44.4,43.7,43.1,43.7,0,2.71,1.4,0.72,0.0,2295,65,723000,316027,ROBUST,120,59.4,1
IF-40,"Square/rectangular tube insert 20x20 / 25x25 / 20x40 mm (school desks, metal furniture) [merged duplicates: IF-40 + JC-12]",Tube end caps & ferrules,6.0,ASSUMPTION,300000.0,17.6,21.0,22.9,12.0,15.4,17.3,5.1,8.5,10.4,16.1,15.4,14.8,36.2,218776,5.07,1.3,0.54,2.49,3060,98,1800000,277755,FRAGILE,80,59.3,1
IF-39,"Internal tube end cap / chair-leg insert, round 22/25 mm (embout interieur)",Tube end caps & ferrules,5.0,ASSUMPTION,300000.0,13.9,18.0,20.3,8.9,13.0,15.3,2.7,6.8,9.1,13.7,13.0,12.4,35.2,231895,4.35,0.97,0.54,2.22,3060,98,1500000,195304,FRAGILE,80,59.3,1
IF-08,"End plug / end cap 16 mm (barbed or ring-type, tape & dripline)",Drip fittings - end closures,5.0,ASSUMPTION,300000.0,35.6,37.2,38.2,33.1,34.7,35.7,30.0,31.6,32.5,35.4,34.7,34.1,54.1,158258,3.26,0.49,0.22,1.94,7532,40,1500000,521152,ROBUST,100,59.1,1
IF-07,Figure-8 end closure 16 mm (dripline),Drip fittings - end closures,4.0,ASSUMPTION,200000.0,11.1,13.0,14.1,8.6,10.5,11.6,5.5,7.4,8.5,11.2,10.5,9.9,41.7,171138,3.58,0.39,0.2,2.49,8160,25,800000,84113,FRAGILE,100,59.1,1
OS-084,Body blanking plugs / grommets (bouchons d'obturation),Auto clips,13.75,ASSUMPTION,100000.0,16.9,18.3,19.0,15.0,16.4,17.2,12.8,14.2,15.0,17.1,16.4,15.8,46.7,78613,11.49,0.97,0.51,8.31,3264,31,1375000,226147,FRAGILE,80,58.9,1
OS-009,"Hammer-fix anchor sleeve 8x80 (cheville a frapper, sleeve only)",Wall plugs,8.25,WEAK SIGNAL,200000.0,13.3,16.1,17.6,10.3,13.1,14.6,6.5,9.3,10.8,13.7,13.1,12.4,40.8,161844,7.17,0.97,0.61,4.57,2720,74,1650000,215568,FRAGILE,100,58.9,2
IF-01,"Drip-tape start connector 16/17 mm (barb x tape, with lock nut) - body",Drip fittings - tape connectors,15.0,ASSUMPTION,300000.0,58.8,60.3,61.2,57.1,58.7,59.5,55.0,56.6,57.4,59.3,58.7,58.0,67.9,71855,6.2,0.97,0.61,2.77,2720,110,4500000,2639285,ROBUST,80,58.8,1
IF-04,Barbed straight coupling 16 mm (dripline joiner),Drip fittings - barbed,10.0,ASSUMPTION,200000.0,44.9,46.2,46.9,43.3,44.6,45.3,41.2,42.5,43.2,45.2,44.6,43.9,61.2,85475,5.54,0.65,0.34,3.33,4896,41,2000000,891005,ROBUST,80,58.8,1
